dd-mm-yyyy,Draw#,Numbers,Power Ball,Multiplier,Jackpot,Wins
02-Jan-10,886,"[13, 16, 19, 20, 33]",6,1,1284115.8,0
06-Jan-10,887,"[20, 28, 32, 33, 36]",7,1,1632897.18,1
09-Jan-10,888,"[2, 7, 9, 15, 23]",8,1,1.0,1
13-Jan-10,889,"[3, 6, 7, 21, 26]",9,1,1000000.0,0
16-Jan-10,890,"[8, 19, 22, 23, 26]",6,1,1000000.0,0
20-Jan-10,891,"[7, 9, 19, 23, 31]",1,1,1269467.4,0
23-Jan-10,892,"[5, 10, 15, 27, 32]",9,1,1637925.17,0
27-Jan-10,893,"[4, 5, 11, 13, 30]",3,1,1953430.36,0
30-Jan-10,894,"[10, 11, 21, 29, 32]",6,1,2415959.68,0
01-Jan-11,990,"[15, 20, 22, 25, 29]",3,1,1000000.0,0
05-Jan-11,991,"[8, 9, 19, 30, 32]",8,1,1000000.0,0
08-Jan-11,992,"[5, 11, 20, 21, 23]",2,1,1024936.06,0
12-Jan-11,993,"[3, 10, 12, 13, 31]",3,1,1330786.5,0
15-Jan-11,994,"[5, 6, 10, 22, 27]",3,1,1714590.07,0
19-Jan-11,995,"[6, 13, 19, 20, 29]",3,1,2029689.94,0
22-Jan-11,996,"[5, 16, 19, 31, 33]",7,1,2440386.55,0
26-Jan-11,997,"[14, 18, 25, 29, 32]",10,1,2782737.5,0
29-Jan-11,998,"[15, 16, 18, 26, 33]",5,1,3231756.31,0
04-Jan-12,1095,"[1, 9, 13, 17, 24]",6,1,1601327.43,0
07-Jan-12,1096,"[7, 11, 15, 16, 20]",1,1,1961453.02,0
11-Jan-12,1097,"[9, 15, 20, 22, 25]",10,1,2276149.41,1
14-Jan-12,1098,"[3, 23, 25, 28, 30]",5,1,1000000.0,0
18-Jan-12,1099,"[2, 9, 15, 24, 27]",6,1,1100000.0,0
21-Jan-12,1100,"[15, 18, 25, 31, 34]",1,1,1200000.0,0
25-Jan-12,1101,"[3, 6, 7, 22, 28]",8,1,1185495.97,0
28-Jan-12,1102,"[15, 17, 21, 26, 36]",10,1,1550421.57,1
02-Jan-13,1199,"[3, 6, 7, 15, 19]",4,1,2000000.0,0
05-Jan-13,1200,"[3, 15, 27, 28, 30]",4,1,2362994.49,0
09-Jan-13,1201,"[8, 13, 26, 30, 31]",6,1,2810028.83,0
12-Jan-13,1202,"[8, 13, 17, 20, 23]",4,1,3357092.08,0
16-Jan-13,1203,"[16, 18, 25, 27, 30]",4,1,3871455.02,0
19-Jan-13,1204,"[13, 16, 20, 28, 33]",1,1,4511959.8,0
23-Jan-13,1205,"[5, 8, 9, 17, 34]",6,1,5138599.28,0
26-Jan-13,1206,"[4, 8, 19, 31, 35]",3,1,5934128.36,0
30-Jan-13,1207,"[4, 26, 30, 31, 34]",2,1,6729930.95,1
01-Jan-14,1300,"[1, 7, 14, 17, 29]",1,1,2000000.0,0
04-Jan-14,1301,"[8, 9, 17, 30, 32]",9,1,2000000.0,0
08-Jan-14,1302,"[6, 12, 13, 21, 24]",8,1,1.0,1
11-Jan-14,1303,"[8, 16, 28, 29, 33]",3,1,1.0,1
15-Jan-14,1304,"[2, 9, 17, 23, 33]",2,1,2280844.37,0
18-Jan-14,1305,"[15, 19, 23, 29, 33]",9,1,2864111.28,0
22-Jan-14,1306,"[2, 4, 6, 20, 35]",10,1,3352926.81,1
25-Jan-14,1307,"[6, 12, 14, 30, 34]",4,1,1.0,1
29-Jan-14,1308,"[1, 10, 11, 28, 29]",10,1,1.0,1
03-Jan-15,1405,"[4, 9, 15, 25, 27]",10,1,6221306.98,0
07-Jan-15,1406,"[5, 25, 30, 32, 33]",10,1,6934248.06,0
10-Jan-15,1407,"[13, 21, 27, 32, 35]",6,1,7807386.75,0
14-Jan-15,1408,"[5, 6, 27, 33, 34]",6,1,8661349.52,0
17-Jan-15,1409,"[2, 5, 11, 18, 27]",10,1,9836190.83,0
21-Jan-15,1410,"[5, 22, 23, 31, 32]",3,1,10874054.8,0
24-Jan-15,1411,"[2, 7, 13, 25, 29]",3,1,12205414.0,0
28-Jan-15,1412,"[1, 24, 26, 31, 34]",6,1,13477352.2,0
31-Jan-15,1413,"[11, 15, 22, 31, 35]",1,1,15138629.9,0
02-Jan-16,1508,"[13, 18, 19, 28, 29]",6,1,2769209.51,0
07-Jan-16,1509,"[20, 34, 7, 12, 5]",3,1,3289145.69,0
09-Jan-16,1510,"[10, 12, 16, 17, 23]",8,1,3906500.26,0
13-Jan-16,1511,"[7, 16, 18, 26, 29]",9,1,4483654.5,0
16-Jan-16,1512,"[4, 8, 13, 21, 24]",7,1,5183901.0,0
20-Jan-16,1513,"[3, 8, 10, 15, 30]",4,1,5797677.73,0
23-Jan-16,1514,"[2, 7, 11, 28, 31]",9,1,6539510.5,0
27-Jan-16,1515,"[2, 3, 6, 12, 25]",10,1,7266222.92,1
31-Jan-16,1516,"[8, 10, 12, 29, 34]",1,1,2000000.0,0
04-Jan-17,1610,"[1, 15, 21, 23, 27]",8,1,2000000.0,0
07-Jan-17,1611,"[18, 20, 25, 30, 35]",5,1,2000000.0,0
11-Jan-17,1612,"[15, 18, 21, 23, 32]",4,1,2234451.74,0
14-Jan-17,1613,"[15, 18, 20, 31, 35]",5,1,2785942.86,0
18-Jan-17,1614,"[3, 12, 19, 25, 34]",2,1,3276666.61,0
21-Jan-17,1615,"[4, 9, 10, 13, 24]",1,1,3867896.17,0
25-Jan-17,1616,"[15, 17, 22, 23, 34]",6,1,4420558.54,0
28-Jan-17,1617,"[14, 15, 18, 26, 27]",8,1,5119188.08,0
03-Jan-18,1713,"[6, 10, 17, 21, 27]",1,1,4463428.51,0
06-Jan-18,1714,"[2, 4, 12, 25, 34]",10,1,5113883.96,0
10-Jan-18,1715,"[6, 15, 26, 27, 33]",10,1,5669238.62,0
13-Jan-18,1716,"[9, 27, 29, 34, 35]",8,1,6381407.19,0
17-Jan-18,1717,"[8, 11, 28, 34, 35]",9,1,7018274.73,0
20-Jan-18,1718,"[9, 16, 21, 28, 32]",10,1,7835508.94,0
24-Jan-18,1719,"[2, 7, 10, 21, 23]",6,1,8552388.95,0
27-Jan-18,1720,"[4, 12, 14, 16, 33]",3,1,9464338.72,0
31-Jan-18,1721,"[5, 16, 29, 30, 32]",2,1,10352680.58,0
02-Jan-19,1816,"[1, 13, 17, 27, 29]",3,1,5718666.41,0
05-Jan-19,1817,"[11, 13, 18, 26, 29]",6,1,6454791.64,1
09-Jan-19,1818,"[5, 6, 14, 16, 33]",4,1,2000000.0,0
12-Jan-19,1819,"[5, 8, 18, 27, 33]",6,1,2000000.0,0
16-Jan-19,1820,"[4, 12, 13, 22, 28]",10,1,2000000.0,0
19-Jan-19,1821,"[1, 11, 30, 34, 35]",1,1,2000000.0,0
23-Jan-19,1822,"[20, 22, 27, 32, 33]",3,1,2244254.76,0
26-Jan-19,1823,"[4, 7, 9, 17, 34]",7,1,2782301.96,0
30-Jan-19,1824,"[2, 4, 12, 14, 22]",10,1,3251070.4,0
01-Jan-20,1917,"[10, 14, 21, 29, 30]",10,1,12923650.05,1
04-Jan-20,1918,"[3, 9, 11, 15, 34]",8,1,2000000.0,0
08-Jan-20,1919,"[10, 20, 28, 33, 34]",8,1,2000000.0,0
11-Jan-20,1920,"[4, 9, 10, 12, 20]",10,1,2000000.0,0
15-Jan-20,1921,"[6, 11, 14, 30, 32]",8,1,2000000.0,0
18-Jan-20,1922,"[3, 5, 13, 17, 33]",8,1,2394732.59,0
22-Jan-20,1923,"[4, 5, 18, 20, 31]",6,1,2832750.76,1
25-Jan-20,1924,"[6, 8, 23, 25, 35]",4,1,2000000.0,0
29-Jan-20,1925,"[4, 14, 18, 22, 23]",8,1,2000000.0,0
02-Jan-21,2003,"[6, 10, 13, 14, 19]",7,1,7060621.09,0
06-Jan-21,2004,"[4, 28, 29, 30, 31]",3,1,8073084.17,0
09-Jan-21,2005,"[8, 11, 17, 27, 29]",3,1,9356973.45,0
13-Jan-21,2006,"[4, 5, 9, 10, 18]",7,1,10648444.08,1
16-Jan-21,2007,"[5, 12, 27, 32, 35]",2,1,2000000.0,0
20-Jan-21,2008,"[1, 16, 19, 22, 23]",5,1,2000000.0,0
23-Jan-21,2009,"[6, 11, 21, 33, 34]",4,1,2000000.0,0
27-Jan-21,2010,"[2, 13, 15, 29, 35]",7,1,2000000.0,0
30-Jan-21,2011,"[2, 10, 22, 30, 33]",8,1,2590857.89,0
01-Jan-22,2082,"[3, 7, 12, 17, 27]",2,1,7817158.08,0
05-Jan-22,2083,"[3, 16, 17, 21, 23]",6,1,8710484.94,0
08-Jan-22,2084,"[3, 12, 15, 19, 25]",8,1,9814507.22,0
12-Jan-22,2085,"[6, 11, 14, 15, 33]",9,1,10876656.7,0
15-Jan-22,2086,"[2, 10, 19, 21, 22]",7,1,12231191.66,2
19-Jan-22,2087,"[1, 4, 10, 18, 23]",4,1,2000000.0,0
22-Jan-22,2088,"[1, 5, 20, 21, 32]",9,1,2000000.0,0
26-Jan-22,2089,"[13, 15, 21, 24, 34]",9,1,2000000.0,0
29-Jan-22,2090,"[1, 16, 17, 25, 30]",8,1,2000000.0,0
04-Jan-23,2186,"[13, 18, 20, 31, 35]",6,10,2026091.57,0
07-Jan-23,2187,"[2, 7, 18, 28, 33]",9,4,2469184.17,0
11-Jan-23,2188,"[4, 8, 19, 20, 26]",2,10,2823613.36,0
14-Jan-23,2189,"[4, 5, 6, 9, 17]",9,3,3297917.49,0
18-Jan-23,2190,"[12, 16, 17, 20, 26]",10,3,3701494.0,0
21-Jan-23,2191,"[1, 4, 29, 30, 32]",4,3,4229936.63,0
25-Jan-23,2192,"[3, 24, 25, 26, 33]",2,1,4687462.76,0
28-Jan-23,2193,"[2, 6, 18, 26, 28]",4,20,5295699.79,0
03-Feb-10,895,"[2, 4, 9, 25, 31]",1,1,2807774.04,0
06-Feb-10,896,"[2, 3, 9, 15, 31]",2,1,3350300.41,0
10-Feb-10,897,"[10, 14, 19, 28, 29]",10,1,3869471.57,0
13-Feb-10,898,"[1, 13, 15, 23, 32]",8,1,4544673.13,0
17-Feb-10,899,"[1, 8, 9, 16, 23]",1,1,4989256.79,0
20-Feb-10,900,"[2, 9, 13, 20, 27]",9,1,5861844.84,0
24-Feb-10,901,"[8, 18, 23, 26, 34]",1,1,6833373.5,0
27-Feb-10,902,"[1, 4, 28, 32, 36]",8,1,8220558.83,0
02-Feb-11,999,"[3, 18, 26, 32, 33]",1,1,3660959.45,0
05-Feb-11,1000,"[1, 13, 25, 27, 36]",3,1,4200859.78,0
09-Feb-11,1001,"[1, 9, 16, 18, 36]",3,1,4622947.97,0
12-Feb-11,1002,"[3, 4, 5, 8, 11]",5,1,5183379.77,1
16-Feb-11,1003,"[6, 12, 16, 17, 23]",1,1,1000000.0,0
19-Feb-11,1004,"[16, 17, 18, 20, 30]",8,1,1000000.0,0
23-Feb-11,1005,"[6, 10, 17, 31, 35]",6,1,1000000.0,0
26-Feb-11,1006,"[7, 11, 14, 18, 33]",9,1,1287587.51,0
01-Feb-12,1103,"[9, 16, 22, 35, 36]",6,1,1000000.0,0
04-Feb-12,1104,"[1, 3, 10, 17, 27]",10,1,1000000.0,0
08-Feb-12,1105,"[14, 18, 27, 28, 35]",10,1,1200000.0,0
11-Feb-12,1106,"[13, 25, 30, 33, 34]",7,1,1287121.42,0
15-Feb-12,1107,"[1, 5, 9, 27, 30]",10,1,1598146.0,0
18-Feb-12,1108,"[10, 15, 28, 29, 31]",4,1,1998756.36,0
22-Feb-12,1109,"[4, 14, 17, 21, 25]",9,1,2260217.74,0
25-Feb-12,1110,"[2, 11, 20, 25, 35]",7,1,2743383.22,0
29-Feb-12,1111,"[4, 7, 20, 27, 34]",6,1,3253910.64,0
02-Feb-13,1208,"[4, 17, 24, 28, 34]",5,1,2000000.0,0
06-Feb-13,1209,"[3, 9, 12, 28, 29]",8,1,2000000.0,0
09-Feb-13,1210,"[7, 8, 18, 24, 30]",7,1,2000000.0,0
13-Feb-13,1211,"[8, 11, 16, 32, 33]",8,1,2000000.0,0
16-Feb-13,1212,"[1, 26, 27, 30, 33]",10,1,2278832.16,0
20-Feb-13,1213,"[3, 9, 30, 31, 32]",3,1,2727997.63,0
23-Feb-13,1214,"[11, 18, 27, 33, 35]",3,1,3305547.78,0
27-Feb-13,1215,"[1, 8, 10, 24, 28]",9,1,3838350.11,0
01-Feb-14,1309,"[3, 10, 11, 16, 26]",9,1,2000000.0,0
05-Feb-14,1310,"[5, 17, 23, 24, 35]",5,1,2000000.0,0
08-Feb-14,1311,"[5, 12, 19, 24, 28]",9,1,2432095.78,0
12-Feb-14,1312,"[4, 11, 15, 20, 33]",9,1,2884034.62,0
15-Feb-14,1313,"[4, 14, 22, 25, 27]",1,1,3456487.4,0
19-Feb-14,1314,"[1, 8, 10, 20, 28]",1,1,3977685.42,0
22-Feb-14,1315,"[11, 20, 24, 27, 33]",8,1,4633921.36,0
26-Feb-14,1316,"[3, 13, 30, 34, 35]",1,1,5294036.7,0
04-Feb-15,1414,"[19, 22, 25, 32, 34]",5,1,16894777.7,1
07-Feb-15,1415,"[5, 14, 23, 30, 33]",8,1,2000000.0,0
11-Feb-15,1416,"[3, 4, 5, 16, 28]",7,1,2000000.0,0
14-Feb-15,1417,"[20, 21, 22, 26, 32]",1,1,2000000.0,0
18-Feb-15,1418,"[1, 22, 24, 30, 34]",4,1,2000000.0,0
21-Feb-15,1419,"[6, 11, 13, 17, 29]",5,1,2326505.95,0
25-Feb-15,1420,"[10, 12, 26, 31, 35]",10,1,2797178.31,0
28-Feb-15,1421,"[1, 8, 13, 15, 23]",6,1,3000000.0,0
3-Feb-16,1517,"[6, 8, 17, 19, 28]",7,1,2000000.0,0
06-Feb-16,1518,"[14, 19, 28, 30, 34]",7,1,2000000.0,0
10-Feb-16,1519,"[2, 4, 7, 15, 31]",10,1,2000000.0,0
13-Feb-16,1520,"[9, 20, 22, 23, 24]",4,1,2311701.53,0
17-Feb-16,1521,"[13, 19, 20, 22, 28]",2,1,2802607.97,0
20-Feb-16,1522,"[1, 5, 31, 32, 33]",6,1,3379729.96,0
24-Feb-16,1523,"[4, 7, 8, 31, 34]",6,1,3916479.16,0
28-Feb-16,1524,"[1, 14, 22, 27, 28]",5,1,4578316.26,0
01-Feb-17,1618,"[17, 25, 26, 34, 35]",2,1,5784754.91,0
04-Feb-17,1619,"[2, 12, 24, 31, 34]",8,1,6651558.97,0
08-Feb-17,1620,"[7, 19, 20, 31, 35]",9,1,7450261.33,0
11-Feb-17,1621,"[6, 24, 27, 28, 34]",1,1,8473738.4,0
15-Feb-17,1622,"[8, 17, 18, 33, 35]",9,1,9512711.19,0
18-Feb-17,1623,"[9, 17, 22, 32, 35]",2,1,10780043.35,0
22-Feb-17,1624,"[6, 10, 22, 27, 34]",8,1,12009408.14,1
25-Feb-17,1625,"[7, 11, 17, 31, 32]",7,1,2000000.0,0
03-Feb-18,1722,"[1, 9, 14, 30, 32]",10,1,11441150.71,0
07-Feb-18,1723,"[5, 8, 29, 30, 35]",1,1,12389091.39,0
10-Feb-18,1724,"[3, 5, 22, 31, 32]",2,1,13485870.14,0
14-Feb-18,1725,"[11, 14, 24, 29, 32]",4,1,14349205.6,0
17-Feb-18,1726,"[24, 25, 26, 29, 31]",5,1,15672470.8,0
21-Feb-18,1727,"[5, 12, 16, 26, 35]",4,1,16959190.63,0
24-Feb-18,1728,"[7, 9, 11, 25, 32]",4,1,18653476.1,0
28-Feb-18,1729,"[4, 12, 14, 18, 25]",8,1,20592491.53,0
02-Feb-19,1825,"[2, 17, 21, 27, 31]",2,1,3849696.66,0
06-Feb-19,1826,"[5, 14, 25, 34, 35]",5,1,4357222.31,0
09-Feb-19,1827,"[3, 12, 14, 22, 29]",7,1,5005758.94,0
13-Feb-19,1828,"[2, 4, 8, 17, 33]",8,1,5562274.53,0
16-Feb-19,1829,"[7, 8, 10, 11, 14]",9,1,6274261.68,0
20-Feb-19,1830,"[8, 23, 24, 26, 30]",10,1,6894325.72,0
23-Feb-19,1831,"[15, 17, 18, 22, 35]",5,1,7683749.1,0
27-Feb-19,1832,"[4, 13, 19, 27, 30]",5,1,8461564.17,0
01-Feb-20,1926,"[1, 10, 13, 19, 30]",5,1,2000000.0,0
05-Feb-20,1927,"[7, 10, 15, 24, 30]",4,1,2000000.0,0
08-Feb-20,1928,"[1, 6, 24, 30, 32]",6,1,2347765.12,0
12-Feb-20,1929,"[12, 16, 21, 28, 32]",9,1,2782240.24,1
15-Feb-20,1930,"[8, 12, 29, 32, 35]",7,1,2000000.0,0
19-Feb-20,1931,"[8, 11, 15, 23, 30]",10,1,2000000.0,0
22-Feb-20,1932,"[4, 5, 11, 13, 26]",1,1,2000000.0,0
26-Feb-20,1933,"[1, 6, 7, 28, 30]",5,1,2000000.0,0
29-Feb-20,1934,"[18, 21, 29, 30, 32]",2,1,2208673.87,0
03-Feb-21,2012,"[13, 14, 20, 22, 23]",2,1,3121926.8,0
06-Feb-21,2013,"[9, 14, 21, 23, 28]",10,1,3759714.86,0
10-Feb-21,2014,"[5, 8, 10, 28, 30]",2,1,4326177.69,0
13-Feb-21,2015,"[1, 2, 4, 23, 32]",7,1,5067317.43,3
17-Feb-21,2016,"[3, 15, 16, 22, 32]",1,1,2000000.0,0
20-Feb-21,2017,"[1, 6, 8, 22, 30]",1,1,2000000.0,0
24-Feb-21,2018,"[2, 18, 19, 20, 27]",7,1,2000000.0,0
27-Feb-21,2019,"[13, 15, 22, 23, 32]",10,1,2000000.0,1
02-Feb-22,2091,"[1, 2, 12, 17, 23]",1,1,2429413.43,0
05-Feb-22,2092,"[2, 12, 16, 26, 28]",1,1,2992685.94,0
09-Feb-22,2093,"[3, 4, 5, 9, 12]",10,1,3480438.86,0
12-Feb-22,2094,"[12, 16, 17, 19, 31]",5,1,4115348.76,0
16-Feb-22,2095,"[1, 6, 12, 22, 27]",6,1,1.0,1
19-Feb-22,2096,"[9, 18, 23, 31, 32]",10,1,5164973.39,0
23-Feb-22,2097,"[5, 6, 27, 29, 31]",5,1,5793894.03,1
26-Feb-22,2098,"[4, 17, 22, 25, 30]",7,1,2000000.0,0
01-Feb-23,2194,"[4, 13, 16, 21, 31]",7,4,5852071.68,0
04-Feb-23,2195,"[4, 9, 17, 20, 33]",9,20,6517162.81,0
08-Feb-23,2196,"[5, 18, 21, 28, 29]",1,20,7136562.22,0
11-Feb-23,2197,"[10, 17, 20, 21, 24]",7,4,7891896.78,0
15-Feb-23,2198,"[21, 22, 24, 27, 29]",3,4,8604392.99,0
18-Feb-23,2199,"[3, 15, 16, 19, 21]",10,4,9515518.53,0
22-Feb-23,2200,"[4, 5, 13, 18, 32]",4,10,10221730.21,0
25-Feb-23,2201,"[6, 12, 17, 29, 33]",1,4,11344525.25,0
03-Mar-10,903,"[4, 5, 17, 21, 25]",2,1,9784298.21,2
06-Mar-10,904,"[7, 9, 16, 21, 35]",6,1,413835.76,0
10-Mar-10,905,"[5, 8, 13, 14, 34]",3,1,722409.72,0
13-Mar-10,906,"[4, 16, 23, 28, 36]",7,1,1121261.14,0
17-Mar-10,907,"[7, 9, 11, 14, 26]",5,1,1450578.35,0
20-Mar-10,908,"[5, 14, 23, 28, 32]",5,1,1889070.78,1
24-Mar-10,909,"[17, 18, 25, 26, 30]",5,1,1000000.0,0
27-Mar-10,910,"[11, 15, 25, 29, 33]",9,1,615311.91,0
31-Mar-10,911,"[4, 16, 23, 28, 33]",2,1,1000000.0,0
02-Mar-11,1007,"[10, 11, 23, 26, 35]",9,1,1602406.95,0
05-Mar-11,1008,"[2, 11, 23, 24, 36]",4,1,1994164.58,0
09-Mar-11,1009,"[10, 20, 26, 33, 36]",4,1,2257170.55,0
12-Mar-11,1010,"[2, 6, 9, 19, 27]",10,1,2662998.2,0
16-Mar-11,1011,"[13, 23, 24, 28, 36]",8,1,3009214.94,0
19-Mar-11,1012,"[2, 3, 6, 12, 28]",2,1,3448771.56,0
23-Mar-11,1013,"[1, 15, 19, 29, 31]",1,1,3827691.88,0
26-Mar-11,1014,"[2, 10, 16, 33, 34]",1,1,4355747.23,0
31-Mar-11,1015,"[3, 8, 20, 25, 28]",4,1,4767575.17,0
03-Mar-12,1112,"[1, 16, 20, 21, 28]",8,1,3.0,1
07-Mar-12,1113,"[8, 9, 11, 19, 24]",6,1,1.0,1
10-Mar-12,1114,"[13, 14, 26, 32, 35]",1,1,1.0,1
14-Mar-12,1115,"[3, 4, 7, 24, 29]",5,1,1000000.0,0
17-Mar-12,1116,"[20, 21, 22, 23, 27]",2,1,1100000.0,0
21-Mar-12,1117,"[6, 14, 15, 18, 27]",3,1,1000000.0,0
24-Mar-12,1118,"[1, 6, 20, 33, 36]",8,1,1366120.44,0
28-Mar-12,1119,"[10, 18, 23, 34, 35]",9,1,1704978.69,0
31-Mar-12,1120,"[5, 12, 18, 30, 34]",8,1,2.0,0
02-Mar-13,1216,"[5, 9, 18, 30, 35]",9,1,4551471.43,0
06-Mar-13,1217,"[10, 15, 20, 25, 34]",10,1,5237589.26,0
09-Mar-13,1218,"[8, 10, 12, 24, 32]",3,1,6102083.24,1
13-Mar-13,1219,"[11, 24, 28, 30, 31]",9,1,2000000.0,0
16-Mar-13,1220,"[1, 3, 15, 28, 29]",8,1,2000000.0,0
20-Mar-13,1221,"[5, 16, 20, 22, 29]",8,1,2000000.0,0
23-Mar-13,1222,"[6, 7, 9, 12, 32]",7,1,2000000.0,0
27-Mar-13,1223,"[13, 17, 25, 28, 32]",1,1,2313983.18,0
01-Mar-14,1317,"[1, 7, 11, 32, 35]",5,1,6142856.75,0
05-Mar-14,1318,"[5, 13, 21, 24, 26]",8,1,6788752.0,0
08-Mar-14,1319,"[8, 14, 18, 28, 32]",1,1,7927714.44,0
12-Mar-14,1320,"[4, 9, 25, 33, 35]",4,1,9168371.84,0
15-Mar-14,1321,"[2, 11, 20, 30, 32]",8,1,10870296.32,0
19-Mar-14,1322,"[16, 17, 18, 21, 31]",4,1,12641038.69,0
22-Mar-14,1323,"[3, 7, 15, 19, 28]",8,1,14766931.88,0
26-Mar-14,1324,"[1, 7, 14, 26, 33]",3,1,17058164.71,1
29-Mar-14,1325,"[9, 15, 22, 28, 30]",8,1,2000000.0,0
4-Mar-15,1422,"[7, 11, 13, 19, 31]",4,1,3000000.0,0
07-Mar-15,1423,"[1, 4, 5, 6, 30]",5,1,4000000.0,0
11-Mar-15,1424,"[4, 15, 18, 19, 28]",4,1,4000000.0,0
14-Mar-15,1425,"[3, 5, 13, 17, 34]",10,1,5982661.19,0
18-Mar-15,1426,"[1, 2, 18, 27, 30]",7,1,6694832.9,1
21-Mar-15,1427,"[6, 20, 26, 27, 35]",8,1,2000000.0,0
25-Mar-15,1428,"[9, 13, 17, 21, 33]",10,1,2000000.0,0
28-Mar-15,1429,"[8, 12, 14, 17, 21]",8,1,2000000.0,0
2-Mar-16,1525,"[5, 7, 20, 33, 34]",7,1,5209590.3,0
05-Mar-16,1526,"[8, 10, 20, 27, 29]",5,1,5960361.15,0
09-Mar-16,1527,"[13, 14, 23, 24, 32]",8,1,6631324.49,0
12-Mar-16,1528,"[9, 14, 17, 24, 31]",2,1,7474256.8,0
16-Mar-16,1529,"[4, 16, 19, 29, 35]",4,1,8298106.79,0
19-Mar-16,1530,"[16, 21, 28, 29, 33]",6,1,9307675.36,0
23-Mar-16,1531,"[1, 10, 14, 25, 28]",1,1,10293319.24,0
27-Mar-16,1532,"[7, 13, 14, 23, 32]",1,1,11324116.59,0
01-Mar-17,1626,"[8, 20, 25, 27, 30]",9,1,2000000.0,0
04-Mar-17,1627,"[1, 6, 16, 31, 35]",1,1,2000000.0,0
08-Mar-17,1628,"[12, 18, 22, 26, 28]",5,1,2000000.0,0
11-Mar-17,1629,"[2, 5, 9, 14, 23]",7,1,2485118.54,0
15-Mar-17,1630,"[9, 10, 13, 22, 30]",10,1,2982429.82,0
18-Mar-17,1631,"[1, 9, 13, 28, 30]",7,1,3598561.77,0
22-Mar-17,1632,"[10, 19, 31, 34, 35]",10,1,4156968.99,0
25-Mar-17,1633,"[3, 9, 10, 17, 35]",7,1,4857861.3,0
29-Mar-17,1634,"[6, 7, 9, 24, 29]",5,1,5525342.27,0
03-Mar-18,1730,"[2, 6, 23, 24, 34]",9,1,22948764.68,0
07-Mar-18,1731,"[5, 8, 12, 13, 17]",9,1,25358575.09,0
10-Mar-18,1732,"[21, 24, 26, 27, 33]",7,1,28121220.3,1
14-Mar-18,1733,"[2, 4, 15, 18, 20]",8,1,2000000.0,0
17-Mar-18,1734,"[19, 23, 24, 26, 29]",9,1,2000000.0,0
21-Mar-18,1735,"[1, 2, 7, 13, 29]",2,1,2000000.0,0
24-Mar-18,1736,"[6, 22, 25, 28, 31]",9,1,2007067.65,0
28-Mar-18,1737,"[10, 17, 18, 19, 31]",9,1,2485379.56,0
02-Mar-19,1833,"[3, 11, 13, 22, 31]",3,1,9463823.91,0
06-Mar-19,1834,"[16, 21, 22, 26, 32]",2,1,10245770.54,1
09-Mar-19,1835,"[11, 15, 16, 27, 30]",10,1,2000000.0,0
13-Mar-19,1836,"[4, 12, 14, 15, 27]",2,1,2000000.0,0
16-Mar-19,1837,"[11, 22, 25, 31, 35]",9,1,2000000.0,0
20-Mar-19,1838,"[10, 14, 15, 16, 28]",4,1,2000000.0,0
23-Mar-19,1839,"[9, 12, 13, 20, 23]",4,1,2000000.0,0
27-Mar-19,1840,"[1, 2, 7, 16, 27]",9,1,2000000.0,0
04-Mar-20,1935,"[9, 17, 21, 33, 35]",9,1,2674890.25,0
07-Mar-20,1936,"[1, 4, 9, 10, 33]",2,1,1.0,1
11-Mar-20,1937,"[1, 4, 14, 22, 33]",2,1,3747080.86,0
14-Mar-20,1938,"[3, 6, 11, 27, 31]",10,1,4371343.87,1
18-Mar-20,1939,"[5, 20, 24, 25, 27]",9,1,2000000.0,1
21-Mar-20,1940,"[6, 8, 15, 25, 26]",9,1,2000000.0,0
25-Mar-20,1941,"[12, 22, 24, 29, 32]",1,1,2000000.0,0
28-Mar-20,1942,"[13, 19, 28, 31, 35]",6,1,2000000.0,0
03-Mar-21,2020,"[1, 5, 11, 30, 32]",5,1,2000000.0,0
06-Mar-21,2021,"[3, 6, 7, 10, 14]",9,1,2000000.0,0
10-Mar-21,2022,"[4, 6, 10, 11, 23]",7,1,2000000.0,0
13-Mar-21,2023,"[3, 4, 12, 15, 18]",2,1,2000000.0,0
17-Mar-21,2024,"[4, 9, 15, 21, 26]",5,1,2000000.0,0
20-Mar-21,2025,"[6, 15, 17, 27, 35]",5,1,2000000.0,0
24-Mar-21,2026,"[10, 17, 25, 27, 35]",8,1,2000000.0,0
27-Mar-21,2027,"[5, 20, 32, 34, 35]",7,1,2445006.56,0
31-Mar-21,2028,"[11, 22, 24, 33, 35]",6,1,2885514.16,0
02-Mar-22,2099,"[11, 17, 18, 28, 35]",10,1,2000000.0,0
05-Mar-22,2100,"[3, 4, 7, 21, 30]",10,1,2000000.0,0
09-Mar-22,2101,"[1, 7, 11, 14, 34]",10,1,2000000.0,0
12-Mar-22,2102,"[1, 4, 5, 7, 23]",2,1,2425436.21,0
16-Mar-22,2103,"[17, 22, 23, 24, 33]",10,1,2875220.63,0
19-Mar-22,2104,"[1, 5, 11, 24, 29]",7,1,3454657.92,0
23-Mar-22,2105,"[3, 6, 11, 15, 28]",3,1,3947445.11,0
26-Mar-22,2106,"[2, 8, 9, 10, 23]",9,1,4575991.29,1
01-Mar-23,2202,"[18, 20, 25, 31, 34]",5,20,12439973.26,0
04-Mar-23,2203,"[6, 24, 25, 27, 32]",9,5,13815102.79,0
08-Mar-23,2204,"[2, 5, 7, 16, 32]",7,20,15125655.9,0
11-Mar-23,2205,"[4, 6, 22, 23, 35]",1,3,16858981.34,0
15-Mar-23,2206,"[3, 4, 9, 10, 13]",6,4,18548752.87,0
18-Mar-23,2207,"[9, 17, 18, 24, 31]",10,4,20998770.14,0
22-Mar-23,2208,"[1, 3, 14, 20, 33]",9,3,23320236.8,1
25-Mar-23,2209,"[2, 4, 13, 24, 32]",3,20,2000000.0,0
29-Mar-23,2210,"[7, 9, 17, 19, 23]",7,5,2000000.0,0
03-Apr-10,912,"[7, 12, 21, 27, 32]",6,1,1205111.23,0
07-Apr-10,913,"[4, 9, 20, 30, 32]",5,1,1486809.15,0
10-Apr-10,914,"[4, 10, 24, 33, 34]",2,1,1857921.78,0
14-Apr-10,915,"[5, 6, 17, 21, 26]",5,1,2164125.4,1
17-Apr-10,916,"[11, 17, 23, 24, 36]",2,1,1000000.0,0
21-Apr-10,917,"[4, 6, 17, 28, 34]",5,1,1000000.0,0
24-Apr-10,918,"[1, 7, 9, 10, 31]",4,1,1000000.0,0
28-Apr-10,919,"[9, 24, 32, 33, 36]",2,1,1117150.42,0
02-Apr-11,1016,"[3, 4, 16, 32, 35]",8,1,5311561.62,0
06-Apr-11,1017,"[5, 8, 17, 18, 22]",1,1,5848254.91,0
09-Apr-11,1018,"[12, 18, 24, 32, 35]",3,1,6546352.96,0
13-Apr-11,1019,"[8, 13, 14, 21, 35]",5,1,7227648.02,0
16-Apr-11,1020,"[1, 3, 7, 13, 34]",10,1,8184146.43,0
20-Apr-11,1021,"[13, 14, 15, 27, 34]",6,1,9202034.32,1
23-Apr-11,1022,"[5, 18, 25, 29, 36]",9,1,1000000.0,0
27-Apr-11,1023,"[2, 7, 16, 17, 23]",8,1,1000000.0,0
30-Apr-11,1024,"[12, 14, 27, 29, 31]",10,1,1027071.68,0
04-Apr-12,1121,"[1, 14, 19, 25, 36]",9,1,2.0,2
07-Apr-12,1122,"[7, 13, 14, 15, 31]",8,1,337746.14,0
11-Apr-12,1123,"[8, 10, 13, 23, 29]",9,1,1.0,1
14-Apr-12,1124,"[14, 18, 24, 31, 36]",2,1,1.0,1
18-Apr-12,1125,"[2, 25, 26, 32, 36]",6,1,1303885.6,0
21-Apr-12,1126,"[12, 16, 23, 31, 33]",2,1,1.0,0
25-Apr-12,1127,"[4, 9, 10, 15, 22]",6,1,2096377.39,0
28-Apr-12,1128,"[1, 7, 19, 21, 27]",10,1,2.0,1
03-Apr-13,1224,"[13, 14, 16, 19, 28]",7,1,2867208.96,0
06-Apr-13,1225,"[4, 5, 9, 22, 30]",7,1,3469066.43,0
10-Apr-13,1226,"[7, 13, 25, 26, 27]",7,1,4060964.04,0
13-Apr-13,1227,"[6, 15, 18, 26, 32]",8,1,4777454.13,0
17-Apr-13,1228,"[4, 7, 10, 20, 33]",5,1,5500000.0,0
20-Apr-13,1229,"[10, 11, 19, 25, 26]",9,1,6402100.9,0
24-Apr-13,1230,"[1, 13, 16, 29, 35]",6,1,7310224.44,0
27-Apr-13,1231,"[10, 11, 12, 28, 34]",3,1,8444705.56,0
02-Apr-14,1326,"[4, 12, 13, 15, 18]",2,1,1.0,1
05-Apr-14,1327,"[10, 17, 20, 25, 26]",5,1,2000000.0,0
09-Apr-14,1328,"[15, 17, 18, 19, 21]",10,1,2010896.81,0
12-Apr-14,1329,"[9, 15, 18, 29, 35]",5,1,2569359.88,0
16-Apr-14,1330,"[4, 10, 12, 27, 28]",7,1,3085387.78,0
19-Apr-14,1331,"[1, 12, 17, 25, 31]",5,1,3635173.16,0
23-Apr-14,1332,"[4, 10, 23, 26, 34]",1,1,4170827.34,0
26-Apr-14,1333,"[1, 5, 12, 29, 33]",1,1,4897866.19,0
30-Apr-14,1334,"[3, 4, 31, 34, 35]",8,1,5578766.12,0
1-Apr-15,1430,"[1, 7, 21, 25, 35]",3,1,2000000.0,0
4-Apr-15,1431,"[4, 14, 16, 29, 33]",10,1,2372848.59,0
8-Apr-15,1432,"[2, 9, 12, 29, 34]",3,1,2829568.05,0
11-Apr-15,1433,"[3, 6, 18, 32, 35]",5,1,3397703.98,0
15-Apr-15,1434,"[3, 15, 20, 24, 31]",5,1,3925651.82,0
18-Apr-15,1435,"[8, 11, 15, 18, 28]",8,1,4572198.95,1
23-Apr-15,1436,"[3, 4, 22, 28, 34]",5,1,2.0,0
25-Apr-15,1437,"[4, 5, 19, 23, 33]",6,1,2000000.0,0
29-Apr-15,1438,"[1, 6, 11, 12, 27]",2,1,2000000.0,0
02-Apr-16,1533,"[7, 18, 24, 29, 34]",4,1,12867594.09,0
06-Apr-16,1534,"[9, 13, 14, 22, 33]",3,1,14153890.02,0
9-Apr-16,1535,"[1, 12, 14, 17, 35]",5,1,15623407.75,1
13-Apr-16,1536,"[2, 7, 21, 24, 30]",6,1,2000000.0,0
17-Apr-16,1537,"[3, 7, 16, 17, 31]",7,1,2000000.0,0
21-Apr-16,1538,"[9, 16, 17, 32, 35]",5,1,2000000.0,0
23-Apr-16,1539,"[1, 2, 6, 8, 26]",1,1,2000000.0,0
27-Apr-16,1540,"[4, 5, 6, 18, 31]",6,1,2386323.3,0
01-Apr-17,1635,"[1, 4, 27, 30, 34]",10,1,6299803.93,0
05-Apr-17,1636,"[18, 20, 21, 22, 27]",5,1,7087826.7,0
08-Apr-17,1637,"[2, 7, 16, 28, 35]",4,1,8009338.75,0
12-Apr-17,1638,"[7, 16, 24, 25, 26]",4,1,8911288.69,1
15-Apr-17,1639,"[5, 9, 11, 23, 33]",7,1,2000000.0,0
19-Apr-17,1640,"[1, 11, 14, 17, 22]",2,1,2000000.0,0
22-Apr-17,1641,"[13, 25, 26, 28, 30]",9,1,2000000.0,0
26-Apr-17,1642,"[1, 5, 7, 30, 31]",9,1,2000000.0,0
29-Apr-17,1643,"[4, 13, 20, 23, 33]",1,1,2407194.8,0
04-Apr-18,1738,"[4, 11, 20, 22, 26]",2,1,3046605.89,0
07-Apr-18,1739,"[4, 13, 16, 19, 30]",8,1,3633957.69,0
11-Apr-18,1740,"[4, 9, 12, 17, 33]",3,1,4140938.04,0
14-Apr-18,1741,"[3, 9, 17, 29, 32]",3,1,4775568.62,0
18-Apr-18,1742,"[15, 21, 24, 26, 28]",10,1,5335231.95,0
21-Apr-18,1743,"[2, 6, 19, 24, 30]",8,1,6003610.69,0
25-Apr-18,1744,"[9, 10, 22, 23, 32]",9,1,6618750.24,1
28-Apr-18,1745,"[9, 12, 25, 30, 33]",9,1,2000000.0,0
03-Apr-19,1841,"[2, 19, 26, 28, 32]",1,1,3564064.16,0
06-Apr-19,1842,"[1, 6, 26, 27, 35]",7,1,4182551.2,0
10-Apr-19,1843,"[3, 13, 15, 25, 26]",9,1,4717585.89,0
13-Apr-19,1844,"[1, 3, 6, 19, 26]",4,1,5372395.46,0
17-Apr-19,1845,"[9, 20, 21, 28, 33]",9,1,5984354.73,0
20-Apr-19,1846,"[15, 19, 26, 30, 33]",9,1,6629249.07,0
24-Apr-19,1847,"[6, 9, 15, 24, 34]",8,1,7263806.62,0
27-Apr-19,1848,"[4, 13, 26, 29, 32]",2,1,8117553.84,0
03-Apr-21,2029,"[12, 13, 17, 25, 27]",10,1,3502627.78,0
07-Apr-21,2030,"[3, 5, 15, 24, 29]",3,1,4070048.61,0
10-Apr-21,2031,"[2, 7, 24, 26, 28]",2,1,4814817.2,0
14-Apr-21,2032,"[9, 19, 20, 32, 34]",8,1,5516176.95,1
17-Apr-21,2033,"[1, 5, 20, 25, 29]",3,1,2000000.0,0
21-Apr-21,2034,"[2, 18, 20, 23, 32]",1,1,2000000.0,0
24-Apr-21,2035,"[5, 17, 21, 26, 30]",3,1,2000000.0,0
28-Apr-21,2036,"[10, 15, 17, 23, 28]",8,1,2000000.0,0
02-Apr-22,2107,"[4, 9, 11, 17, 34]",9,1,2000000.0,0
06-Apr-22,2108,"[8, 10, 24, 28, 32]",10,1,2000000.0,0
09-Apr-22,2109,"[5, 8, 13, 17, 20]",4,1,2000000.0,0
13-Apr-22,2110,"[16, 19, 20, 32, 34]",1,1,2000000.0,0
16-Apr-22,2111,"[2, 11, 15, 30, 35]",1,1,2238763.98,0
20-Apr-22,2112,"[2, 9, 25, 30, 33]",7,1,1.0,1
23-Apr-22,2113,"[2, 21, 24, 29, 31]",1,1,3098219.75,0
27-Apr-22,2114,"[1, 2, 28, 33, 35]",5,1,1.0,1
30-Apr-22,2115,"[5, 12, 25, 26, 27]",1,1,4099755.25,0
01-Apr-23,2211,"[1, 10, 19, 27, 34]",5,3,2000000.0,0
05-Apr-23,2212,"[4, 7, 11, 20, 25]",6,10,2000000.0,1
08-Apr-23,2213,"[2, 18, 23, 27, 32]",3,20,2000000.0,0
12-Apr-23,2214,"[6, 14, 25, 28, 29]",9,5,2000000.0,0
15-Apr-23,2215,"[2, 15, 27, 32, 33]",9,10,2000000.0,1
19-Apr-23,2216,"[17, 22, 23, 29, 35]",7,4,2000000.0,0
26-Apr-23,2217,"[3, 4, 19, 20, 26]",8,3,2000000.0,0
29-Apr-23,2218,"[6, 10, 12, 17, 27]",4,1,2000000.0,0
01-May-10,920,"[4, 6, 8, 10, 17]",2,1,1452219.06,0
05-May-10,921,"[6, 16, 22, 25, 27]",1,1,1721036.61,0
8-May-10,922,"[14, 19, 20, 22, 24]",9,1,2060706.49,0
12-May-10,923,"[2, 3, 12, 16, 17]",3,1,2342171.22,0
15-May-10,924,"[1, 2, 7, 25, 28]",4,1,2763082.42,0
19-May-10,925,"[4, 8, 22, 26, 35]",4,1,3128804.69,0
22-May-10,926,"[9, 21, 23, 24, 30]",9,1,3565026.73,0
26-May-10,927,"[5, 12, 23, 28, 34]",6,1,3993180.86,0
29-May-10,928,"[1, 7, 25, 31, 33]",3,1,4599012.62,0
04-May-11,1025,"[10, 11, 20, 23, 34]",9,1,1345420.47,0
07-May-11,1026,"[1, 6, 9, 21, 31]",7,1,1726852.52,0
11-May-11,1027,"[1, 3, 12, 24, 29]",10,1,2039817.65,1
14-May-11,1028,"[7, 10, 18, 19, 24]",8,1,1000000.0,1
18-May-11,1029,"[13, 16, 27, 30, 31]",4,1,1000000.0,0
21-May-11,1030,"[2, 7, 30, 34, 36]",4,1,1000000.0,0
25-May-11,1031,"[9, 28, 31, 33, 34]",7,1,1000000.0,0
28-May-11,1032,"[12, 13, 15, 18, 33]",8,1,1203639.11,1
02-May-12,1129,"[7, 10, 15, 24, 32]",7,1,1.0,1
05-May-12,1130,"[5, 7, 16, 17, 24]",4,1,1000000.0,0
09-May-12,1131,"[4, 6, 14, 16, 35]",1,1,1000000.0,0
12-May-12,1132,"[1, 21, 24, 26, 33]",6,1,1376598.29,0
16-May-12,1133,"[10, 11, 18, 19, 20]",2,1,1717301.41,0
19-May-12,1134,"[3, 8, 19, 21, 35]",8,1,2155781.86,0
23-May-12,1135,"[2, 14, 18, 20, 33]",1,1,2400000.0,1
26-May-12,1136,"[1, 4, 13, 23, 27]",8,1,1.0,1
30-May-12,1137,"[6, 16, 17, 19, 31]",7,1,1000000.0,0
01-May-13,1232,"[5, 14, 16, 22, 30]",1,1,9983700.1,0
04-May-13,1233,"[1, 6, 22, 25, 27]",7,1,11780254.01,0
08-May-13,1234,"[1, 12, 15, 24, 29]",5,1,13801306.86,0
11-May-13,1235,"[7, 9, 10, 14, 27]",4,1,16144355.46,0
15-May-13,1236,"[3, 15, 19, 25, 32]",9,1,20398318.17,1
18-May-13,1237,"[2, 3, 7, 9, 24]",6,1,2000000.0,0
22-May-13,1238,"[7, 11, 13, 25, 26]",10,1,2000000.0,0
25-May-13,1239,"[2, 11, 14, 25, 34]",6,1,2000000.0,0
29-May-13,1240,"[4, 9, 12, 14, 31]",8,1,2102374.29,0
03-May-14,1335,"[8, 12, 24, 29, 34]",7,1,6403445.45,0
07-May-14,1336,"[17, 22, 26, 29, 32]",7,1,7168144.39,0
10-May-14,1337,"[10, 12, 24, 29, 35]",1,1,8135029.65,0
14-May-14,1338,"[6, 8, 13, 18, 32]",3,1,9136569.4,0
17-May-14,1339,"[3, 4, 5, 8, 25]",2,1,10335869.34,0
21-May-14,1340,"[5, 11, 15, 18, 22]",6,1,11449289.78,0
24-May-14,1341,"[2, 6, 10, 15, 32]",10,1,12807483.0,0
28-May-14,1342,"[3, 16, 25, 29, 31]",4,1,14220064.79,0
31-May-14,1343,"[7, 11, 15, 20, 30]",4,1,15918316.74,1
03-May-15,1439,"[4, 14, 21, 28, 35]",10,1,2.0,0
6-May-15,1440,"[5, 9, 10, 23, 33]",7,1,2.0,0
9-May-15,1441,"[11, 19, 22, 27, 32]",4,1,2820996.03,0
13-May-15,1442,"[6, 20, 25, 26, 27]",3,1,3284752.5,0
16-May-15,1443,"[2, 12, 23, 27, 30]",3,1,3.0,0
20-May-15,1444,"[3, 5, 18, 25, 31]",6,1,4463826.3,0
23-May-15,1445,"[8, 12, 13, 20, 28]",8,1,5152914.08,0
27-May-15,1446,"[1, 8, 9, 21, 32]",8,1,5786569.44,1
30-May-15,1447,"[1, 11, 24, 25, 31]",2,1,2000000.0,0
01-May-16,1541,"[2, 9, 14, 18, 31]",3,1,2992687.0,0
4-May-16,1542,"[3, 6, 15, 23, 25]",3,1,3515990.45,0
7-May-16,1543,"[8, 14, 17, 19, 27]",6,1,4155656.32,0
11-May-16,1544,"[1, 7, 17, 26, 34]",7,1,4693666.14,0
15-May-16,1545,"[5, 16, 17, 28, 35]",3,1,5381747.33,0
18-May-16,1546,"[1, 8, 11, 25, 34]",2,1,6045095.17,0
21-May-16,1547,"[1, 18, 20, 21, 23]",8,1,6871422.67,0
25-May-16,1548,"[2, 3, 14, 24, 32]",2,1,7616334.75,0
28-May-16,1549,"[6, 9, 15, 17, 27]",8,1,8493649.4,0
03-May-17,1644,"[6, 21, 28, 33, 35]",5,1,2902679.34,0
06-May-17,1645,"[2, 6, 18, 27, 28]",6,1,3478435.91,0
10-May-17,1646,"[2, 4, 18, 22, 27]",7,1,3983519.16,0
13-May-17,1647,"[9, 20, 25, 34, 35]",4,1,4602860.31,0
17-May-17,1648,"[8, 10, 20, 27, 34]",1,1,5187473.64,0
20-May-17,1649,"[4, 15, 26, 27, 31]",10,1,5904596.16,0
24-May-17,1650,"[3, 11, 18, 21, 24]",8,1,6552934.4,0
27-May-17,1651,"[18, 21, 23, 25, 34]",9,1,7427932.28,0
31-May-17,1652,"[2, 3, 20, 23, 32]",8,1,8187664.98,0
02-May-18,1746,"[11, 12, 13, 18, 19]",10,1,2000000.0,0
05-May-18,1747,"[9, 13, 15, 17, 19]",1,1,2000000.0,1
09-May-18,1748,"[1, 16, 20, 28, 31]",1,1,2000000.0,0
12-May-18,1749,"[4, 11, 12, 30, 33]",6,1,2000000.0,0
16-May-18,1750,"[1, 2, 6, 9, 25]",8,1,2000000.0,0
19-May-18,1751,"[9, 12, 31, 33, 34]",2,1,2000000.0,0
23-May-18,1752,"[3, 11, 12, 20, 30]",7,1,2270908.56,0
26-May-18,1753,"[8, 12, 15, 18, 32]",5,1,2820239.09,0
30-May-18,1754,"[13, 16, 18, 29, 31]",8,1,3219209.65,0
01-May-19,1849,"[5, 7, 8, 20, 26]",6,1,8975746.2,0
04-May-19,1850,"[4, 7, 14, 22, 25]",3,1,10037199.6,0
08-May-19,1851,"[10, 23, 29, 31, 35]",3,1,11001430.88,0
11-May-19,1852,"[15, 20, 21, 26, 34]",8,1,12143088.05,0
15-May-19,1853,"[5, 8, 23, 28, 29]",2,1,13253755.34,0
18-May-19,1854,"[1, 3, 7, 11, 19]",2,1,14605286.59,1
22-May-19,1855,"[1, 10, 14, 34, 35]",6,1,2000000.0,0
25-May-19,1856,"[11, 27, 31, 32, 35]",1,1,2000000.0,0
30-May-19,1857,"[5, 20, 25, 26, 35]",3,1,2000000.0,0
01-May-21,2037,"[12, 16, 27, 28, 33]",4,1,1.0,1
05-May-21,2038,"[4, 11, 13, 20, 28]",9,1,2931678.08,0
08-May-21,2039,"[4, 5, 8, 24, 35]",1,1,3506726.98,0
12-May-21,2040,"[11, 17, 19, 23, 31]",3,1,4048253.4,0
15-May-21,2041,"[3, 9, 21, 25, 33]",10,1,4660665.79,0
04-May-22,2116,"[5, 14, 22, 24, 31]",1,1,4565442.96,0
07-May-22,2117,"[1, 9, 11, 26, 30]",7,1,5248398.42,0
11-May-22,2118,"[1, 4, 22, 23, 27]",1,1,5831639.99,0
14-May-22,2119,"[4, 16, 19, 25, 34]",6,1,6609514.71,0
18-May-22,2120,"[1, 2, 4, 7, 28]",10,1,7353689.92,0
21-May-22,2121,"[1, 12, 26, 29, 31]",7,1,8273217.52,0
25-May-22,2122,"[2, 4, 9, 10, 25]",2,1,9169283.1,0
28-May-22,2123,"[12, 13, 16, 33, 34]",4,1,10349235.22,0
03-May-23,2219,"[7, 15, 16, 21, 23]",1,10,2000000.0,0
06-May-23,2220,"[11, 13, 15, 20, 29]",7,10,2022895.98,0
10-May-23,2221,"[7, 14, 17, 20, 31]",4,3,2381738.56,0
13-May-23,2222,"[6, 10, 18, 27, 28]",4,3,2816733.27,1
17-May-23,2223,"[2, 9, 10, 20, 26]",1,1,2000000.0,0
20-May-23,2224,"[2, 18, 25, 32, 34]",2,3,2000000.0,0
24-May-23,2225,"[1, 5, 14, 28, 33]",3,4,2000000.0,0
27-May-23,2226,"[2, 8, 22, 24, 28]",5,20,2000000.0,0
31-May-23,2227,"[15, 18, 19, 28, 34]",4,4,2000000.0,0
02-Jun-10,929,"[3, 13, 14, 31, 34]",2,1,5170673.15,0
5-Jun-10,930,"[5, 8, 10, 12, 27]",2,1,5860501.78,0
9-Jun-10,931,"[4, 7, 19, 21, 30]",7,1,6637471.35,0
12-Jun-10,932,"[3, 4, 5, 10, 13]",10,1,7.0,1
16-Jun-10,933,"[11, 16, 25, 27, 35]",5,1,1.0,1
19-Jun-10,934,"[1, 12, 17, 21, 32]",3,1,1000000.0,0
23-Jun-10,935,"[2, 11, 16, 27, 31]",8,1,1000000.0,0
26-Jun-10,936,"[11, 17, 21, 33, 35]",3,1,1202421.08,0
30-Jun-10,937,"[6, 26, 33, 34, 36]",6,1,1490055.08,0
01-Jun-11,1033,"[9, 13, 17, 28, 29]",6,1,1000000.0,0
03-Jun-11,1034,"[2, 7, 9, 11, 36]",5,1,1000000.0,0
08-Jun-11,1035,"[10, 12, 23, 25, 35]",6,1,1000000.0,0
11-Jun-11,1036,"[1, 13, 18, 21, 31]",6,1,1205190.65,0
15-Jun-11,1037,"[2, 5, 7, 11, 14]",2,1,1476260.63,0
18-Jun-11,1038,"[3, 8, 13, 19, 21]",10,1,1843162.09,0
22-Jun-11,1039,"[11, 12, 16, 21, 29]",4,1,2134102.45,0
25-Jun-11,1040,"[6, 9, 30, 32, 33]",1,1,2506093.19,0
29-Jun-11,1041,"[1, 5, 6, 25, 32]",2,1,2829937.74,0
02-Jun-12,1138,"[1, 2, 8, 32, 33]",2,1,1.0,1
06-Jun-12,1139,"[10, 11, 12, 26, 33]",1,1,1.0,0
09-Jun-12,1140,"[3, 11, 24, 26, 28]",2,1,1689974.79,0
13-Jun-12,1141,"[2, 12, 13, 26, 28]",5,1,2.0,0
16-Jun-12,1142,"[6, 10, 12, 33, 34]",10,1,2.0,0
20-Jun-12,1143,"[5, 19, 22, 29, 30]",8,1,2957656.16,0
23-Jun-12,1144,"[12, 27, 28, 31, 32]",5,1,3528416.88,0
27-Jun-12,1145,"[2, 11, 20, 22, 25]",5,1,4122482.98,0
30-Jun-12,1146,"[5, 6, 7, 20, 27]",2,1,4893618.76,0
01-Jun-13,1241,"[25, 29, 30, 31, 34]",7,1,2630065.81,0
05-Jun-13,1242,"[4, 18, 26, 29, 33]",6,1,3178748.37,0
08-Jun-13,1243,"[7, 16, 25, 26, 35]",5,1,3819653.48,0
12-Jun-13,1244,"[2, 5, 15, 26, 30]",9,1,4400713.86,0
15-Jun-13,1245,"[12, 14, 17, 27, 32]",6,1,5133415.1,1
19-Jun-13,1246,"[3, 5, 11, 21, 28]",9,1,2000000.0,0
22-Jun-13,1247,"[1, 7, 12, 26, 33]",10,1,2000000.0,0
26-Jun-13,1248,"[5, 20, 22, 26, 33]",1,1,2000000.0,0
29-Jun-13,1249,"[3, 12, 20, 29, 34]",1,1,2000000.0,0
04-Jun-14,1344,"[4, 8, 11, 25, 35]",8,1,1.0,1
07-Jun-14,1345,"[1, 7, 20, 31, 32]",8,1,2000000.0,0
11-Jun-14,1346,"[12, 25, 30, 31, 32]",4,1,2000000.0,0
14-Jun-14,1347,"[3, 6, 15, 28, 29]",1,1,2000000.0,0
18-Jun-14,1348,"[9, 11, 15, 20, 29]",6,1,2375808.81,0
21-Jun-14,1349,"[15, 19, 23, 28, 29]",8,1,2866561.18,0
25-Jun-14,1350,"[1, 20, 22, 33, 34]",8,1,3334315.25,0
28-Jun-14,1351,"[3, 13, 16, 30, 31]",6,1,3964883.42,0
03-Jun-15,1448,"[8, 19, 23, 33, 34]",2,1,2000000.0,0
6-Jun-15,1449,"[1, 5, 16, 29, 35]",6,1,2000000.0,0
11-Jun-15,1450,"[11, 15, 22, 26, 27]",10,1,2000000.0,0
13-Jun-15,1451,"[14, 19, 24, 29, 32]",9,1,2350230.6,0
17-Jun-15,1452,"[2, 5, 8, 12, 25]",4,1,2809840.79,0
20-Jun-15,1453,"[1, 3, 6, 18, 33]",3,1,3310271.86,0
24-Jun-15,1454,"[1, 8, 12, 13, 35]",10,1,3807453.71,0
27-Jun-15,1455,"[2, 11, 16, 30, 34]",2,1,4.0,0
01-Jun-16,1550,"[5, 6, 20, 21, 25]",9,1,9357431.9,1
04-Jun-16,1551,"[1, 7, 8, 19, 22]",6,1,2000000.0,0
08-Jun-16,1552,"[2, 10, 14, 19, 35]",2,1,2000000.0,0
11-Jun-16,1553,"[3, 15, 20, 25, 26]",3,1,2000000.0,0
15-Jun-16,1554,"[1, 22, 24, 25, 27]",3,1,2000000.0,0
18-Jun-16,1555,"[7, 9, 17, 26, 35]",2,1,2474742.09,0
22-Jun-16,1556,"[1, 7, 19, 25, 30]",4,1,2917759.11,0
25-Jun-16,1557,"[12, 13, 19, 34, 35]",7,1,3492588.95,0
29-Jun-16,1558,"[12, 20, 22, 24, 25]",2,1,4001219.34,0
03-Jun-17,1653,"[14, 27, 29, 30, 33]",10,1,9190130.39,0
07-Jun-17,1654,"[2, 3, 24, 27, 29]",6,1,10168854.6,0
10-Jun-17,1655,"[1, 4, 9, 22, 28]",1,1,11359503.16,0
14-Jun-17,1656,"[1, 9, 15, 33, 34]",1,1,12468415.59,0
17-Jun-17,1657,"[4, 7, 22, 27, 34]",2,1,13733386.03,0
21-Jun-17,1658,"[13, 15, 17, 22, 31]",8,1,14938803.58,0
24-Jun-17,1659,"[5, 9, 11, 17, 22]",3,1,16566550.46,1
28-Jun-17,1660,"[1, 9, 10, 15, 33]",1,1,2000000.0,0
02-Jun-18,1755,"[5, 12, 21, 22, 28]",2,1,3803148.82,0
06-Jun-18,1756,"[4, 9, 12, 29, 33]",3,1,4322198.37,0
09-Jun-18,1757,"[2, 7, 9, 13, 32]",1,1,4951911.47,0
13-Jun-18,1758,"[7, 8, 13, 24, 30]",1,1,5502151.37,0
16-Jun-18,1759,"[3, 13, 17, 29, 31]",3,1,6143369.55,0
20-Jun-18,1760,"[2, 17, 18, 25, 29]",8,1,6681194.83,0
23-Jun-18,1761,"[9, 17, 30, 31, 33]",10,1,7388327.29,0
27-Jun-18,1762,"[2, 5, 20, 26, 27]",2,1,8035298.44,0
30-Jun-18,1763,"[1, 2, 5, 25, 33]",3,1,8908394.23,0
01-Jun-19,1858,"[6, 12, 14, 17, 22]",9,1,2000000.0,0
08-Jun-19,1859,"[8, 20, 22, 30, 33]",10,1,2609585.8,0
12-Jun-19,1860,"[8, 9, 21, 26, 27]",3,1,3055520.32,0
15-Jun-19,1861,"[2, 12, 25, 29, 30]",5,1,3655555.28,0
19-Jun-19,1862,"[1, 6, 8, 30, 35]",2,1,4075540.33,0
22-Jun-19,1863,"[15, 16, 23, 26, 32]",8,1,4653805.32,1
26-Jun-19,1864,"[12, 19, 23, 29, 31]",5,1,2000000.0,1
29-Jun-19,1865,"[5, 6, 11, 13, 34]",5,1,2000000.0,0
03-Jun-20,1943,"[7, 11, 14, 18, 33]",2,1,2000000.0,0
06-Jun-20,1944,"[4, 6, 9, 27, 29]",1,1,2000000.0,0
10-Jun-20,1945,"[2, 3, 4, 24, 25]",9,1,2172820.79,0
13-Jun-20,1946,"[2, 10, 25, 33, 35]",6,1,2566079.26,0
17-Jun-20,1947,"[11, 15, 20, 22, 23]",3,1,2943362.57,0
20-Jun-20,1948,"[9, 11, 15, 22, 30]",1,1,3426997.11,0
24-Jun-20,1949,"[20, 22, 26, 27, 32]",5,1,3871914.07,1
27-Jun-20,1950,"[7, 16, 19, 23, 34]",4,1,2000000.0,0
01-Jun-22,2124,"[6, 15, 23, 25, 32]",8,1,11419548.02,0
04-Jun-22,2125,"[1, 3, 9, 23, 32]",3,1,1.0,1
08-Jun-22,2126,"[2, 4, 13, 26, 31]",2,1,14046257.47,0
11-Jun-22,2127,"[2, 6, 8, 33, 35]",10,1,15695394.46,1
15-Jun-22,2128,"[8, 12, 14, 16, 21]",4,1,2000000.0,0
18-Jun-22,2129,"[4, 5, 15, 25, 33]",9,1,2000000.0,0
22-Jun-22,2130,"[3, 17, 25, 26, 27]",9,1,2000000.0,0
25-Jun-22,2131,"[3, 5, 12, 22, 33]",5,1,2000000.0,0
29-Jun-22,2132,"[8, 12, 19, 20, 27]",3,1,2000000.0,0
03-Jun-23,2228,"[3, 9, 15, 18, 33]",5,4,2241521.12,0
07-Jun-23,2229,"[4, 5, 7, 19, 26]",7,20,2605774.88,0
10-Jun-23,2230,"[2, 13, 17, 18, 35]",7,5,3042469.62,0
14-Jun-23,2231,"[7, 21, 28, 31, 34]",9,20,3432377.06,0
17-Jun-23,2232,"[6, 10, 15, 17, 28]",3,3,3939259.4,0
21-Jun-23,2233,"[2, 8, 10, 20, 30]",4,3,4348927.11,0
24-Jun-23,2234,"[7, 12, 23, 30, 34]",8,5,4901038.95,0
28-Jun-23,2235,"[1, 3, 5, 13, 24]",6,4,5380598.7,0
03-Jul-10,938,"[3, 17, 31, 34, 35]",7,1,1867266.97,0
07-Jul-10,939,"[5, 7, 15, 30, 34]",9,1,2166736.16,0
10-Jul-10,940,"[6, 20, 26, 28, 31]",10,1,2565810.69,0
14-Jul-10,941,"[1, 11, 21, 30, 33]",3,1,2800000.0,0
17-Jul-10,942,"[10, 20, 21, 31, 36]",8,1,3334618.47,0
21-Jul-10,943,"[2, 16, 23, 31, 36]",8,1,3719582.66,0
24-Jul-10,944,"[1, 25, 28, 31, 36]",1,1,4249461.48,0
28-Jul-10,945,"[2, 22, 24, 27, 28]",6,1,4713274.98,0
31-Jul-10,946,"[4, 5, 20, 28, 34]",9,1,5379363.32,0
02-Jul-11,1042,"[6, 12, 22, 26, 27]",5,1,3261319.66,0
06-Jul-11,1043,"[1, 3, 9, 14, 31]",8,1,3636160.22,0
09-Jul-11,1044,"[14, 28, 29, 30, 36]",5,1,4095041.63,0
13-Jul-11,1045,"[5, 22, 24, 29, 35]",9,1,4560048.89,1
16-Jul-11,1046,"[1, 12, 16, 21, 29]",2,1,1000000.0,0
20-Jul-11,1047,"[2, 17, 21, 32, 34]",1,1,1000000.0,0
23-Jul-11,1048,"[18, 26, 27, 35, 36]",8,1,1000000.0,0
27-Jul-11,1049,"[5, 10, 13, 27, 30]",4,1,1241092.38,0
30-Jul-11,1050,"[8, 19, 23, 33, 34]",1,1,1611362.91,0
04-Jul-12,1147,"[4, 14, 30, 32, 35]",7,1,5722552.74,0
07-Jul-12,1148,"[16, 19, 26, 29, 34]",3,1,6757001.02,1
11-Jul-12,1149,"[4, 18, 23, 32, 36]",6,1,1000000.0,0
14-Jul-12,1150,"[1, 8, 19, 22, 31]",4,1,1000000.0,0
18-Jul-12,1151,"[8, 15, 21, 22, 30]",8,1,1000000.0,0
21-Jul-12,1152,"[2, 17, 18, 28, 34]",10,1,1390216.12,0
25-Jul-12,1153,"[3, 4, 10, 16, 33]",10,1,1706468.46,0
28-Jul-12,1154,"[14, 16, 31, 33, 34]",7,1,2137845.81,0
03-Jul-13,1250,"[12, 17, 19, 27, 34]",3,1,2312503.93,0
06-Jul-13,1251,"[2, 4, 7, 10, 13]",7,1,2850717.58,0
10-Jul-13,1252,"[4, 5, 14, 19, 27]",3,1,3315641.36,0
13-Jul-13,1253,"[5, 8, 10, 18, 22]",8,1,3916551.87,0
17-Jul-13,1254,"[6, 12, 18, 22, 31]",10,1,4512936.14,1
20-Jul-13,1255,"[5, 6, 11, 12, 34]",6,1,2000000.0,0
24-Jul-13,1256,"[2, 7, 9, 16, 22]",9,1,2000000.0,0
27-Jul-13,1257,"[3, 4, 8, 21, 32]",6,1,2000000.0,0
31-Jul-13,1258,"[1, 5, 13, 19, 32]",5,1,2000000.0,0
02-Jul-14,1352,"[13, 20, 28, 29, 30]",5,1,4518839.8,0
05-Jul-14,1353,"[9, 13, 16, 29, 30]",4,1,5198909.35,0
09-Jul-14,1354,"[1, 3, 14, 21, 23]",6,1,5791038.91,0
12-Jul-14,1355,"[2, 13, 19, 28, 33]",8,1,6581242.56,0
16-Jul-14,1356,"[17, 21, 25, 29, 34]",4,1,7344971.65,0
19-Jul-14,1357,"[3, 18, 21, 25, 33]",2,1,8240242.94,0
23-Jul-14,1358,"[5, 13, 22, 25, 35]",2,1,9174727.6,0
26-Jul-14,1359,"[2, 4, 5, 17, 34]",9,1,10312591.01,0
30-Jul-14,1360,"[5, 12, 15, 19, 31]",10,1,11260123.72,0
01-Jul-15,1456,"[1, 4, 10, 21, 28]",4,1,5.0,0
4-Jul-15,1457,"[7, 12, 19, 27, 34]",5,1,5820630.46,0
8-Jul-15,1458,"[11, 12, 17, 18, 19]",10,1,6535962.67,0
12-Jul-15,1459,"[5, 9, 16, 17, 31]",1,1,7.0,0
16-Jul-15,1460,"[2, 6, 7, 17, 27]",3,1,8174346.41,0
22-Jul-15,1461,"[2, 3, 6, 14, 32]",9,1,9478506.27,0
25-Jul-15,1462,"[9, 16, 19, 31, 32]",10,1,10583581.02,0
30-Jul-15,1463,"[3, 5, 8, 17, 26]",1,1,11723191.9,1
02-Jul-16,1559,"[3, 5, 10, 20, 23]",8,1,4654851.0,0
09-Jul-16,1560,"[13, 18, 20, 21, 34]",2,1,5465100.65,0
13-Jul-16,1561,"[1, 3, 8, 21, 33]",3,1,6074517.19,0
16-Jul-16,1562,"[4, 5, 7, 22, 28]",8,1,6812362.52,0
20-Jul-16,1563,"[1, 6, 23, 29, 33]",10,1,7503673.63,0
23-Jul-16,1564,"[7, 12, 14, 20, 23]",3,1,8375581.07,0
27-Jul-16,1565,"[14, 16, 27, 28, 29]",5,1,9241913.81,0
30-Jul-16,1566,"[17, 22, 25, 31, 33]",10,1,10359357.22,1
01-Jul-17,1661,"[7, 18, 25, 26, 31]",7,1,2000000.0,0
05-Jul-17,1662,"[10, 11, 12, 22, 25]",3,1,2000000.0,0
08-Jul-17,1663,"[3, 4, 13, 17, 18]",8,1,2000000.0,0
12-Jul-17,1664,"[2, 10, 12, 25, 34]",2,1,2353311.9,0
15-Jul-17,1665,"[1, 4, 10, 12, 18]",6,1,2921924.42,0
19-Jul-17,1666,"[4, 17, 28, 31, 32]",9,1,3401902.57,0
22-Jul-17,1667,"[2, 14, 15, 21, 34]",4,1,3990564.8,0
26-Jul-17,1668,"[3, 7, 9, 27, 33]",9,1,4515415.97,0
29-Jul-17,1669,"[1, 8, 12, 15, 34]",9,1,5181531.2,0
04-Jul-18,1764,"[6, 11, 13, 28, 31]",2,1,9757499.38,0
07-Jul-18,1765,"[8, 21, 25, 26, 35]",3,1,10758712.6,0
11-Jul-18,1766,"[1, 7, 9, 13, 27]",2,1,11653398.89,0
14-Jul-18,1767,"[17, 19, 27, 32, 34]",4,1,12795823.52,0
18-Jul-18,1768,"[5, 8, 9, 26, 27]",1,1,13838421.13,0
21-Jul-18,1769,"[6, 19, 25, 28, 35]",1,1,15122891.86,0
25-Jul-18,1770,"[3, 8, 15, 21, 27]",8,1,16331999.1,0
28-Jul-18,1771,"[9, 11, 25, 29, 35]",8,1,17826159.0,0
03-Jul-19,1866,"[3, 11, 13, 28, 34]",1,1,2000000.0,0
06-Jul-19,1867,"[20, 23, 27, 28, 30]",8,1,2000000.0,0
10-Jul-19,1868,"[7, 15, 27, 28, 30]",1,1,2000000.0,0
13-Jul-19,1869,"[3, 5, 7, 8, 23]",1,1,2411751.95,0
17-Jul-19,1870,"[5, 12, 23, 26, 29]",7,1,2871024.15,0
20-Jul-19,1871,"[5, 6, 28, 29, 34]",2,1,3440454.6,0
24-Jul-19,1872,"[4, 8, 12, 25, 31]",4,1,3942224.39,0
27-Jul-19,1873,"[10, 12, 13, 15, 25]",3,1,4563269.7,0
31-Jul-19,1874,"[5, 8, 23, 27, 30]",1,1,5144637.41,0
01-Jul-20,1951,"[1, 15, 17, 23, 35]",8,1,2000000.0,0
04-Jul-20,1952,"[1, 10, 13, 25, 28]",6,1,2000000.0,0
08-Jul-20,1953,"[3, 28, 30, 33, 35]",2,1,2000000.0,0
11-Jul-20,1954,"[7, 13, 21, 25, 30]",9,1,2215781.86,0
15-Jul-20,1955,"[11, 20, 28, 29, 33]",6,1,2632496.82,0
18-Jul-20,1956,"[2, 5, 13, 20, 29]",6,1,3188190.69,0
22-Jul-20,1957,"[2, 22, 23, 26, 28]",2,1,3649689.02,0
25-Jul-20,1958,"[1, 11, 21, 22, 32]",10,1,4248155.01,0
29-Jul-20,1959,"[6, 7, 16, 18, 20]",5,1,4769729.58,0
02-Jul-22,2133,"[14, 20, 22, 25, 30]",6,1,2077386.98,0
06-Jul-22,2134,"[1, 19, 28, 30, 31]",1,1,2616051.52,0
09-Jul-22,2135,"[9, 20, 21, 22, 31]",2,1,3060684.13,0
13-Jul-22,2136,"[1, 6, 20, 23, 34]",9,1,3613696.43,0
16-Jul-22,2137,"[6, 8, 11, 20, 23]",4,1,4099555.45,0
20-Jul-22,2138,"[4, 8, 11, 21, 22]",4,1,4729252.82,0
23-Jul-22,2139,"[15, 19, 21, 23, 34]",8,1,5270873.48,0
27-Jul-22,2140,"[8, 14, 17, 18, 27]",2,1,6573550.32,0
30-Jul-22,2141,"[1, 4, 18, 23, 35]",5,1,7415423.19,0
01-Jul-23,2236,"[10, 13, 26, 27, 29]",7,4,6038985.3,0
05-Jul-23,2237,"[7, 9, 12, 25, 27]",1,3,1.0,1
08-Jul-23,2238,"[3, 11, 21, 23, 24]",8,20,7321969.14,0
12-Jul-23,2239,"[9, 11, 12, 19, 34]",10,20,1.0,1
15-Jul-23,2240,"[2, 20, 26, 30, 34]",5,10,8783139.82,0
19-Jul-23,2241,"[2, 3, 11, 18, 19]",4,20,9553361.25,0
22-Jul-23,2242,"[6, 13, 22, 26, 33]",3,10,10525794.28,0
26-Jul-23,2243,"[2, 10, 17, 25, 32]",5,20,11412910.61,0
29-Jul-23,2244,"[1, 5, 11, 15, 30]",9,5,12495260.66,0
04-Aug-10,947,"[3, 4, 5, 32, 34]",5,1,5987288.46,0
07-Aug-10,948,"[2, 12, 19, 27, 34]",2,1,6.0,0
11-Aug-10,949,"[6, 23, 24, 27, 32]",10,1,7.0,0
14-Aug-10,950,"[2, 3, 16, 24, 30]",9,1,8740155.05,0
18-Aug-10,951,"[3, 5, 9, 13, 28]",7,1,9896222.15,0
21-Aug-10,952,"[4, 7, 22, 29, 32]",3,1,11414408.04,0
25-Aug-10,953,"[6, 11, 12, 27, 35]",3,1,13087304.3,1
28-Aug-10,954,"[5, 6, 25, 26, 27]",3,1,1000000.0,0
03-Aug-11,1051,"[11, 12, 28, 32, 33]",8,1,1899284.43,0
06-Aug-11,1052,"[8, 16, 19, 29, 32]",5,1,2285989.04,0
10-Aug-11,1053,"[1, 22, 26, 28, 35]",6,1,2602115.83,0
13-Aug-11,1054,"[12, 18, 20, 23, 30]",10,1,3017891.25,0
17-Aug-11,1055,"[2, 17, 28, 34, 36]",4,1,3369340.79,0
20-Aug-11,1056,"[5, 16, 22, 30, 34]",3,1,3817619.28,0
24-Aug-11,1057,"[4, 5, 6, 21, 36]",4,1,4224537.81,0
27-Aug-11,1058,"[7, 10, 27, 29, 30]",1,1,4822222.9,0
01-Aug-12,1155,"[10, 12, 13, 34, 35]",3,1,2480073.78,1
04-Aug-12,1156,"[12, 24, 29, 32, 36]",2,1,1000000.0,0
08-Aug-12,1157,"[8, 9, 29, 30, 32]",2,1,1000000.0,0
11-Aug-12,1158,"[2, 11, 28, 32, 36]",10,1,1000000.0,0
15-Aug-12,1159,"[2, 11, 14, 25, 30]",5,1,1290042.62,1
18-Aug-12,1160,"[4, 7, 15, 26, 35]",3,1,1000000.0,0
22-Aug-12,1161,"[4, 10, 23, 27, 29]",3,1,1000000.0,0
25-Aug-12,1162,"[16, 24, 25, 31, 36]",10,1,1.0,1
29-Aug-12,1163,"[1, 5, 20, 22, 36]",3,1,1000000.0,0
03-Aug-13,1259,"[11, 12, 20, 25, 31]",2,1,2337526.02,0
07-Aug-13,1260,"[23, 26, 28, 31, 34]",4,1,2807623.74,0
10-Aug-13,1261,"[3, 19, 20, 24, 29]",6,1,3349391.78,0
14-Aug-13,1262,"[5, 10, 11, 31, 32]",10,1,3877941.82,0
17-Aug-13,1263,"[2, 14, 24, 25, 28]",6,1,4546800.1,0
21-Aug-13,1264,"[14, 15, 25, 27, 29]",10,1,5166943.04,0
24-Aug-13,1265,"[14, 20, 23, 29, 33]",2,1,5961916.76,1
28-Aug-13,1266,"[3, 24, 26, 29, 34]",7,1,2000000.0,0
31-Aug-13,1267,"[1, 6, 13, 23, 33]",4,1,2000000.0,0
02-Aug-14,1361,"[3, 8, 10, 12, 13]",8,1,12570699.5,0
06-Aug-14,1362,"[7, 17, 20, 25, 33]",4,1,14008575.38,1
09-Aug-14,1363,"[12, 16, 18, 24, 28]",5,1,1.0,1
13-Aug-14,1364,"[4, 12, 22, 23, 25]",5,1,2000000.0,0
16-Aug-14,1365,"[5, 6, 7, 11, 29]",6,1,1.0,1
20-Aug-14,1366,"[6, 10, 23, 34, 35]",7,1,2000000.0,0
23-Aug-14,1367,"[1, 6, 8, 10, 34]",8,1,2431780.8,0
27-Aug-14,1368,"[7, 14, 18, 19, 23]",9,1,2887858.21,0
30-Aug-14,1369,"[9, 13, 20, 30, 31]",9,1,3502394.01,0
1-Aug-15,1464,"[6, 11, 20, 33, 35]",2,1,2000000.0,0
5-Aug-15,1465,"[4, 19, 20, 23, 29]",5,1,2000000.0,0
8-Aug-15,1466,"[8, 10, 17, 30, 35]",7,1,2000000.0,0
12-Aug-15,1467,"[2, 4, 10, 11, 25]",2,1,2000000.0,1
15-Aug-15,1468,"[2, 5, 16, 25, 33]",4,1,2000000.0,0
19-Aug-15,1469,"[4, 21, 29, 33, 35]",1,1,2000000.0,0
22-Aug-15,1470,"[23, 25, 26, 27, 35]",2,1,2000000.0,0
27-Aug-15,1471,"[15, 17, 20, 23, 30]",5,1,2000000.0,0
29-Aug-15,1472,"[3, 4, 6, 7, 24]",2,1,2000000.0,0
03-Aug-16,1567,"[7, 8, 18, 22, 29]",8,1,2000000.0,1
06-Aug-16,1568,"[5, 13, 14, 18, 22]",5,1,2000000.0,0
10-Aug-16,1569,"[11, 12, 14, 16, 33]",3,1,2000000.0,0
13-Aug-16,1570,"[9, 20, 26, 28, 33]",2,1,2000000.0,0
17-Aug-16,1571,"[1, 6, 10, 19, 20]",9,1,2000000.0,0
20-Aug-16,1572,"[2, 10, 12, 27, 33]",5,1,2364633.62,0
24-Aug-16,1573,"[1, 8, 9, 17, 30]",4,1,2820051.33,0
27-Aug-16,1574,"[6, 16, 17, 19, 20]",7,1,3405258.5,0
31-Aug-16,1575,"[2, 4, 8, 12, 21]",4,1,3861713.09,0
02-Aug-17,1670,"[4, 15, 26, 27, 29]",2,1,5731191.39,0
05-Aug-17,1671,"[2, 3, 8, 22, 25]",6,1,6454903.05,0
09-Aug-17,1672,"[6, 13, 16, 23, 35]",9,1,7086544.92,0
12-Aug-17,1673,"[2, 5, 9, 16, 29]",7,1,7861250.37,0
16-Aug-17,1674,"[1, 3, 5, 18, 34]",2,1,8630545.14,0
19-Aug-17,1675,"[4, 23, 24, 26, 33]",4,1,9515940.11,0
23-Aug-17,1676,"[2, 11, 14, 15, 16]",7,1,10396616.74,0
26-Aug-17,1677,"[4, 16, 25, 26, 27]",4,1,11519052.44,0
30-Aug-17,1678,"[5, 18, 19, 30, 31]",4,1,12560682.75,0
01-Aug-18,1772,"[1, 6, 9, 28, 30]",10,1,19141652.94,1
04-Aug-18,1773,"[6, 22, 25, 28, 29]",2,1,2000000.0,0
08-Aug-18,1774,"[18, 21, 23, 28, 33]",9,1,2000000.0,0
11-Aug-18,1775,"[7, 10, 12, 25, 32]",9,1,2000000.0,0
15-Aug-18,1776,"[3, 11, 25, 34, 35]",1,1,2000000.0,0
18-Aug-18,1777,"[5, 17, 18, 24, 26]",10,1,2000000.0,0
22-Aug-18,1778,"[9, 13, 15, 19, 30]",4,1,2803033.76,0
25-Aug-18,1779,"[1, 12, 15, 17, 18]",1,1,3346906.15,0
29-Aug-18,1780,"[4, 8, 24, 25, 31]",5,1,3819971.89,0
03-Aug-19,1875,"[9, 12, 26, 31, 32]",7,1,5880770.24,0
07-Aug-19,1876,"[3, 12, 19, 23, 30]",2,1,6558926.61,0
10-Aug-19,1877,"[1, 5, 15, 18, 28]",4,1,7381779.49,0
14-Aug-19,1878,"[4, 5, 6, 14, 16]",10,1,8156853.46,0
17-Aug-19,1879,"[5, 7, 12, 14, 15]",7,1,9163939.32,1
21-Aug-19,1880,"[1, 7, 13, 17, 30]",8,1,2000000.0,0
24-Aug-19,1881,"[4, 23, 25, 31, 32]",1,1,2000000.0,0
28-Aug-19,1882,"[4, 10, 21, 28, 31]",2,1,2000000.0,0
31-Aug-19,1883,"[5, 14, 22, 28, 34]",5,1,2000000.0,0
01-Aug-20,1960,"[3, 14, 23, 24, 29]",5,1,5454844.62,0
05-Aug-20,1961,"[6, 15, 19, 24, 26]",9,1,6152712.54,0
08-Aug-20,1962,"[6, 11, 13, 28, 33]",8,1,7008090.79,0
12-Aug-20,1963,"[22, 24, 27, 28, 34]",1,1,7784266.93,0
15-Aug-20,1964,"[4, 9, 18, 19, 30]",2,1,8825780.62,1
19-Aug-20,1965,"[14, 17, 19, 24, 28]",1,1,2000000.0,0
22-Aug-20,1966,"[6, 11, 12, 14, 34]",4,1,2000000.0,0
26-Aug-20,1967,"[5, 6, 16, 22, 32]",9,1,2000000.0,0
29-Aug-20,1968,"[5, 8, 13, 17, 30]",7,1,2000000.0,0
11-Aug-21,2042,"[3, 6, 24, 27, 32]",6,1,7409036.0,0
14-Aug-21,2043,"[12, 13, 22, 32, 35]",2,1,8195651.22,0
18-Aug-21,2044,"[3, 5, 16, 20, 24]",5,1,8931136.66,0
21-Aug-21,2045,"[1, 8, 22, 32, 33]",7,1,9931381.34,0
25-Aug-21,2046,"[17, 18, 23, 25, 28]",10,1,10853983.69,0
28-Aug-21,2047,"[14, 15, 20, 32, 33]",10,1,12041239.15,0
03-Aug-22,2142,"[10, 12, 25, 26, 27]",6,1,8120649.99,0
06-Aug-22,2143,"[9, 17, 18, 19, 26]",7,1,9077046.7,1
10-Aug-22,2144,"[1, 6, 11, 21, 33]",10,1,2000000.0,0
13-Aug-22,2145,"[8, 18, 22, 30, 35]",3,1,2000000.0,0
17-Aug-22,2146,"[1, 3, 6, 25, 26]",1,1,2000000.0,0
20-Aug-22,2147,"[23, 24, 26, 28, 31]",5,1,2000000.0,0
24-Aug-22,2148,"[2, 6, 10, 14, 19]",8,1,2000000.0,0
27-Aug-22,2149,"[6, 11, 12, 25, 28]",2,1,2149356.84,1
31-Aug-22,2150,"[6, 7, 11, 24, 31]",1,1,2000000.0,0
02-Aug-23,2245,"[2, 11, 15, 18, 25]",1,10,13515861.0,0
05-Aug-23,2246,"[4, 21, 26, 27, 33]",2,10,1.0,1
09-Aug-23,2247,"[1, 5, 6, 30, 33]",4,3,15920302.1,0
12-Aug-23,2248,"[5, 16, 23, 29, 33]",8,4,17294213.84,0
16-Aug-23,2249,"[4, 10, 22, 27, 31]",2,4,18632080.65,1
19-Aug-23,2250,"[6, 8, 15, 24, 28]",1,10,2000000.0,0
23-Aug-23,2251,"[8, 13, 20, 25, 31]",6,20,2000000.0,0
26-Aug-23,2252,"[13, 18, 21, 31, 35]",3,3,2000000.0,0
30-Aug-23,2253,"[4, 8, 9, 10, 32]",1,4,2000000.0,0
01-Sep-10,955,"[11, 15, 23, 25, 28]",9,1,1000000.0,0
04-Sep-10,956,"[8, 16, 23, 34, 35]",6,1,1045861.03,0
08-Sep-10,957,"[1, 4, 8, 21, 26]",5,1,1.0,0
11-Sep-10,958,"[5, 10, 21, 23, 28]",10,1,1695180.35,0
15-Sep-10,959,"[2, 3, 8, 27, 31]",6,1,1999535.43,0
18-Sep-10,960,"[3, 5, 15, 19, 27]",4,1,2395873.38,0
22-Sep-10,961,"[1, 7, 23, 25, 33]",3,1,2703578.26,0
25-Sep-10,962,"[8, 16, 19, 23, 27]",2,1,3.0,0
29-Sep-10,963,"[2, 9, 22, 25, 35]",10,1,3.0,0
01-Sep-11,1059,"[1, 5, 11, 16, 23]",9,1,7572663.14,1
03-Sep-11,1060,"[14, 17, 22, 28, 36]",9,1,1000000.0,0
07-Sep-11,1061,"[9, 23, 24, 29, 34]",3,1,1000000.0,0
10-Sep-11,1062,"[1, 16, 23, 24, 32]",1,1,1000000.0,0
14-Sep-11,1063,"[2, 5, 6, 13, 19]",4,1,1264490.1,0
17-Sep-11,1064,"[6, 17, 34, 35, 36]",9,1,1636526.34,0
21-Sep-11,1065,"[6, 12, 16, 24, 31]",9,1,1933073.84,0
24-Sep-11,1066,"[1, 16, 17, 24, 31]",10,1,2284040.88,0
28-Sep-11,1067,"[2, 9, 10, 14, 19]",1,1,2607090.91,1
01-Sep-12,1164,"[2, 6, 33, 35, 36]",8,1,1000000.0,0
05-Sep-12,1165,"[2, 13, 17, 20, 31]",7,1,1000000.0,0
08-Sep-12,1166,"[3, 6, 12, 17, 33]",6,1,1306717.5,0
12-Sep-12,1167,"[16, 17, 19, 20, 22]",1,1,1629305.93,1
15-Sep-12,1168,"[9, 15, 17, 26, 31]",7,1,1000000.0,0
19-Sep-12,1169,"[1, 5, 22, 25, 28]",3,1,1010193.79,0
22-Sep-12,1170,"[10, 23, 25, 32, 35]",9,1,1681487.0,0
26-Sep-12,1171,"[1, 5, 14, 26, 29]",3,1,2233295.15,0
29-Sep-12,1172,"[17, 22, 26, 32, 35]",7,1,3013033.39,0
04-Sep-13,1268,"[1, 6, 23, 32, 35]",6,1,2000000.0,0
07-Sep-13,1269,"[13, 15, 26, 33, 34]",1,1,2000000.0,0
11-Sep-13,1270,"[4, 7, 18, 21, 31]",7,1,2252201.18,0
14-Sep-13,1271,"[4, 13, 19, 22, 23]",6,1,2818175.17,0
18-Sep-13,1272,"[5, 14, 24, 29, 33]",3,1,3303478.09,0
21-Sep-13,1273,"[6, 9, 14, 21, 25]",8,1,3935598.06,1
25-Sep-13,1274,"[17, 19, 28, 32, 34]",7,1,2000000.0,0
28-Sep-13,1275,"[9, 13, 14, 22, 30]",4,1,2000000.0,0
03-Sep-14,1370,"[2, 7, 26, 27, 34]",1,1,4017833.69,0
06-Sep-14,1371,"[12, 18, 25, 26, 29]",10,1,4673268.33,0
10-Sep-14,1372,"[7, 10, 19, 31, 34]",6,1,5248600.96,1
13-Sep-14,1373,"[7, 24, 25, 28, 32]",4,1,1.0,1
17-Sep-14,1374,"[8, 22, 29, 32, 35]",4,1,1.0,1
20-Sep-14,1375,"[12, 23, 25, 26, 35]",10,1,2000000.0,0
24-Sep-14,1376,"[13, 19, 31, 32, 33]",7,1,2000000.0,0
27-Sep-14,1377,"[4, 8, 9, 12, 27]",5,1,2250363.88,1
2-Sep-15,1473,"[3, 6, 21, 29, 34]",5,1,2358454.38,0
05-Sep-15,1474,"[6, 21, 27, 31, 34]",7,1,2851865.0,0
09-Sep-15,1475,"[4, 6, 9, 23, 26]",8,1,3278757.02,0
12-Sep-15,1476,"[9, 14, 18, 23, 25]",6,1,3850242.66,0
16-Sep-15,1477,"[1, 3, 7, 15, 33]",6,1,4375637.46,0
19-Sep-15,1478,"[3, 10, 20, 28, 30]",3,1,5040154.97,0
23-Sep-15,1479,"[3, 7, 11, 17, 28]",10,1,5613660.75,0
26-Sep-15,1480,"[7, 9, 14, 16, 20]",5,1,6336946.73,0
30-Sep-15,1481,"[3, 7, 9, 12, 26]",8,1,7082507.08,0
03-Sep-16,1576,"[3, 7, 13, 30, 31]",5,1,4533933.69,0
07-Sep-16,1577,"[6, 17, 19, 29, 34]",3,1,5119682.42,0
10-Sep-16,1578,"[4, 7, 24, 28, 35]",10,1,5869462.18,0
14-Sep-16,1579,"[18, 23, 24, 30, 32]",4,1,6499226.7,0
17-Sep-16,1580,"[13, 19, 20, 26, 35]",1,1,7350883.0,0
21-Sep-16,1581,"[3, 6, 8, 9, 14]",3,1,8142298.5,1
24-Sep-16,1582,"[10, 25, 29, 34, 35]",4,1,2000000.0,0
28-Sep-16,1583,"[2, 8, 18, 21, 23]",8,1,2000000.0,0
02-Sep-17,1679,"[11, 18, 21, 26, 35]",6,1,13890737.9,0
06-Sep-17,1680,"[7, 9, 15, 26, 33]",10,1,15149407.05,0
09-Sep-17,1681,"[3, 4, 12, 13, 22]",2,1,16630902.62,1
13-Sep-17,1682,"[5, 7, 8, 29, 31]",7,1,2000000.0,0
16-Sep-17,1683,"[2, 3, 9, 27, 28]",2,1,2000000.0,0
20-Sep-17,1684,"[6, 16, 27, 31, 33]",5,1,2000000.0,0
23-Sep-17,1685,"[12, 16, 24, 28, 30]",6,1,2000000.0,0
27-Sep-17,1686,"[9, 12, 13, 26, 34]",10,1,2347206.81,0
30-Sep-17,1687,"[6, 7, 16, 23, 27]",6,1,2939580.74,0
01-Sep-18,1781,"[7, 9, 11, 12, 31]",2,1,4420622.9,0
05-Sep-18,1782,"[5, 7, 18, 27, 30]",2,1,4952799.01,0
08-Sep-18,1783,"[4, 5, 10, 11, 32]",9,1,5604780.31,0
12-Sep-18,1784,"[2, 16, 18, 19, 22]",1,1,6162639.64,0
15-Sep-18,1785,"[14, 15, 16, 17, 18]",4,1,6880913.49,1
19-Sep-18,1786,"[2, 6, 8, 17, 35]",2,1,2000000.0,0
22-Sep-18,1787,"[2, 5, 13, 21, 26]",3,1,2000000.0,0
26-Sep-18,1788,"[2, 14, 18, 21, 27]",10,1,2000000.0,0
29-Sep-18,1789,"[7, 8, 13, 19, 21]",9,1,2000000.0,0
04-Sep-19,1884,"[15, 21, 24, 28, 29]",6,1,2247138.35,0
07-Sep-19,1885,"[1, 5, 14, 16, 28]",1,1,2802768.1,0
11-Sep-19,1886,"[11, 12, 25, 30, 31]",3,1,3274999.33,1
14-Sep-19,1887,"[9, 12, 27, 30, 33]",7,1,2000000.0,0
18-Sep-19,1888,"[1, 14, 16, 21, 31]",6,1,2000000.0,0
21-Sep-19,1889,"[8, 13, 14, 29, 31]",3,1,2000000.0,0
25-Sep-19,1890,"[1, 3, 4, 8, 15]",9,1,2000000.0,0
28-Sep-19,1891,"[4, 8, 12, 15, 25]",7,1,2307115.53,0
02-Sep-20,1969,"[4, 7, 25, 29, 31]",7,1,2194532.62,0
05-Sep-20,1970,"[12, 17, 22, 26, 33]",7,1,2738363.61,0
09-Sep-20,1971,"[3, 7, 8, 28, 33]",10,1,3206442.21,0
12-Sep-20,1972,"[1, 10, 20, 31, 32]",7,1,3801771.44,0
16-Sep-20,1973,"[14, 18, 20, 27, 29]",10,1,4353516.22,0
19-Sep-20,1974,"[1, 2, 8, 21, 32]",3,1,5065073.44,1
23-Sep-20,1975,"[9, 17, 18, 21, 22]",3,1,2000000.0,0
26-Sep-20,1976,"[6, 16, 23, 24, 26]",8,1,2000000.0,0
30-Sep-20,1977,"[16, 22, 25, 30, 33]",9,1,2000000.0,0
01-Sep-21,2048,"[14, 21, 22, 31, 33]",8,1,13100564.89,1
04-Sep-21,2049,"[1, 2, 6, 8, 17]",2,1,2000000.0,0
08-Sep-21,2050,"[16, 21, 22, 26, 35]",1,1,2000000.0,0
11-Sep-21,2051,"[13, 14, 20, 26, 34]",6,1,2000000.0,1
15-Sep-21,2052,"[4, 7, 13, 18, 19]",7,1,2000000.0,0
18-Sep-21,2053,"[2, 12, 16, 27, 30]",1,1,2000000.0,0
22-Sep-21,2054,"[8, 20, 27, 30, 31]",10,1,2000000.0,0
25-Sep-21,2055,"[5, 8, 17, 28, 31]",5,1,2000000.0,0
29-Sep-21,2056,"[7, 15, 20, 22, 29]",10,1,2300520.06,0
03-Sep-22,2151,"[2, 9, 11, 19, 24]",9,1,2000000.0,0
07-Sep-22,2152,"[8, 11, 19, 22, 24]",4,4,2000000.0,0
10-Sep-22,2153,"[5, 6, 15, 18, 19]",6,10,2000000.0,0
14-Sep-22,2154,"[8, 11, 12, 26, 31]",3,20,2000000.0,0
17-Sep-22,2155,"[9, 10, 26, 27, 28]",9,4,2220362.09,0
21-Sep-22,2156,"[3, 7, 8, 21, 24]",9,20,2516837.13,0
24-Sep-22,2157,"[4, 6, 13, 15, 34]",10,10,2920583.23,0
28-Sep-22,2158,"[1, 3, 22, 28, 31]",3,5,3296879.57,0
02-Sep-23,2254,"[3, 14, 15, 21, 28]",2,3,2030084.95,0
06-Sep-23,2255,"[2, 6, 20, 22, 23]",6,3,2395740.96,0
09-Sep-23,2256,"[13, 16, 22, 24, 29]",7,3,2854740.44,0
13-Sep-23,2257,"[5, 25, 29, 31, 34]",3,4,3239832.26,0
16-Sep-23,2258,"[7, 8, 19, 26, 28]",9,4,3757216.97,0
20-Sep-23,2259,"[9, 13, 16, 20, 34]",3,3,4172020.3,0
23-Sep-23,2260,"[2, 11, 23, 24, 34]",7,3,4752379.18,0
27-Sep-23,2261,"[18, 19, 23, 27, 35]",6,10,5216287.61,0
30-Sep-23,2262,"[3, 6, 17, 19, 30]",5,20,5853842.81,0
02-Oct-10,964,"[10, 23, 31, 32, 36]",2,1,3951015.0,0
06-Oct-10,965,"[2, 9, 12, 13, 32]",4,1,4382289.23,0
09-Oct-10,966,"[8, 20, 24, 25, 32]",3,1,4952146.01,0
13-Oct-10,967,"[1, 2, 13, 25, 35]",1,1,5499129.42,0
16-Oct-10,968,"[4, 21, 29, 31, 35]",10,1,6.0,0
20-Oct-10,969,"[29, 30, 31, 34, 35]",10,1,6786863.73,1
23-Oct-10,970,"[13, 23, 31, 33, 36]",10,1,1000000.0,0
27-Oct-10,971,"[3, 21, 24, 28, 36]",5,1,1100000.0,0
30-Oct-10,972,"[1, 10, 11, 25, 32]",10,1,1007057.6,0
01-Oct-11,1068,"[15, 17, 19, 20, 23]",10,1,1000000.0,0
05-Oct-11,1069,"[4, 11, 13, 18, 23]",6,1,1000000.0,0
08-Oct-11,1070,"[5, 10, 14, 23, 24]",8,1,1000000.0,0
12-Oct-11,1071,"[23, 24, 27, 29, 31]",10,1,1266087.05,0
15-Oct-11,1072,"[1, 12, 14, 15, 29]",5,1,1605610.9,0
19-Oct-11,1073,"[1, 8, 9, 21, 34]",8,1,1899163.85,0
22-Oct-11,1074,"[10, 17, 25, 30, 33]",3,1,2276466.31,0
27-Oct-11,1075,"[19, 23, 25, 30, 33]",2,1,2540729.69,0
29-Oct-11,1076,"[2, 3, 6, 10, 12]",1,1,2800000.0,0
03-Oct-12,1173,"[3, 6, 15, 17, 24]",6,1,3823207.93,0
06-Oct-12,1174,"[2, 9, 13, 14, 21]",1,1,4896693.41,0
10-Oct-12,1175,"[11, 12, 14, 21, 31]",4,1,6002162.21,0
13-Oct-12,1176,"[3, 7, 10, 13, 27]",9,1,7686576.78,0
17-Oct-12,1177,"[6, 8, 18, 19, 33]",5,1,9436212.61,0
20-Oct-12,1178,"[17, 26, 28, 31, 35]",9,1,11922881.27,0
24-Oct-12,1179,"[2, 3, 17, 27, 34]",9,1,16792226.96,1
27-Oct-12,1180,"[5, 8, 17, 27, 31]",10,1,2000000.0,0
31-Oct-12,1181,"[14, 15, 19, 25, 29]",2,1,1129071.52,2
02-Oct-13,1276,"[3, 12, 17, 32, 35]",4,1,2000000.0,0
05-Oct-13,1277,"[4, 8, 9, 23, 29]",2,1,2000000.0,0
09-Oct-13,1278,"[1, 12, 19, 21, 33]",8,1,2222395.14,0
12-Oct-13,1279,"[3, 8, 9, 29, 30]",8,1,2766715.65,1
16-Oct-13,1280,"[7, 9, 11, 14, 34]",1,1,1.0,1
19-Oct-13,1281,"[1, 7, 8, 20, 28]",2,1,2000000.0,0
23-Oct-13,1282,"[15, 24, 29, 31, 34]",2,1,2000000.0,0
26-Oct-13,1283,"[9, 10, 15, 19, 24]",1,1,1.0,1
30-Oct-13,1284,"[4, 14, 16, 22, 26]",10,1,2.0,0
01-Oct-14,1378,"[6, 8, 12, 23, 32]",6,1,2000000.0,0
04-Oct-14,1379,"[4, 7, 19, 31, 35]",6,1,1.0,1
08-Oct-14,1380,"[1, 9, 17, 28, 33]",10,1,1241707.26,0
11-Oct-14,1381,"[5, 17, 23, 24, 34]",8,1,2000000.0,0
15-Oct-14,1382,"[11, 15, 27, 30, 34]",5,1,2127022.29,0
18-Oct-14,1383,"[2, 18, 26, 29, 32]",2,1,2656610.28,0
22-Oct-14,1384,"[9, 25, 31, 33, 34]",9,1,3099681.74,0
25-Oct-14,1385,"[9, 14, 20, 24, 32]",7,1,3658773.23,0
29-Oct-14,1386,"[8, 19, 21, 32, 34]",5,1,4153658.48,0
03-Oct-15,1482,"[7, 10, 11, 13, 24]",9,1,8042511.06,0
08-Oct-15,1483,"[2, 7, 11, 28, 29]",6,1,8974789.67,0
10-Oct-15,1484,"[8, 10, 13, 17, 24]",8,1,10144169.8,0
14-Oct-15,1485,"[3, 4, 21, 26, 31]",5,1,11295720.67,0
17-Oct-15,1486,"[4, 9, 20, 24, 28]",4,1,12693997.41,0
21-Oct-15,1487,"[1, 11, 13, 30, 34]",7,1,14055112.86,0
25-Oct-15,1488,"[10, 16, 23, 28, 29]",2,1,15723575.46,0
28-Oct-15,1489,"[6, 22, 23, 25, 29]",2,1,17701225.66,0
31-Oct-15,1490,"[17, 22, 27, 31, 34]",2,1,20816901.65,0
01-Oct-16,1584,"[5, 21, 27, 29, 31]",7,1,2000000.0,0
05-Oct-16,1585,"[6, 10, 15, 25, 35]",6,1,2000000.0,0
08-Oct-16,1586,"[7, 9, 25, 27, 28]",10,1,2394620.47,0
12-Oct-16,1587,"[1, 3, 9, 17, 32]",6,1,2848033.22,1
15-Oct-16,1588,"[6, 12, 16, 23, 34]",8,1,2000000.0,0
19-Oct-16,1589,"[1, 26, 29, 30, 33]",5,1,2000000.0,0
22-Oct-16,1590,"[16, 20, 21, 26, 27]",6,1,2000000.0,0
26-Oct-16,1591,"[6, 21, 27, 29, 34]",1,1,2000000.0,0
04-Oct-17,1688,"[9, 12, 17, 28, 34]",10,1,3407782.93,0
07-Oct-17,1689,"[5, 9, 10, 17, 23]",1,1,3984729.24,0
11-Oct-17,1690,"[9, 13, 23, 30, 35]",7,1,4479861.74,0
14-Oct-17,1691,"[9, 10, 17, 22, 35]",5,1,5095158.38,0
21-Oct-17,1692,"[5, 7, 10, 17, 27]",1,1,5880115.88,0
25-Oct-17,1693,"[1, 2, 9, 18, 24]",7,1,6448559.25,0
28-Oct-17,1694,"[1, 9, 19, 21, 34]",1,1,7188828.17,0
03-Oct-18,1790,"[3, 18, 20, 29, 31]",9,1,2258702.5,1
06-Oct-18,1791,"[4, 15, 22, 25, 27]",2,1,2000000.0,0
10-Oct-18,1792,"[3, 8, 9, 13, 22]",5,1,2000000.0,0
13-Oct-18,1793,"[1, 12, 13, 29, 31]",4,1,2000000.0,0
17-Oct-18,1794,"[5, 7, 10, 16, 31]",9,1,2000000.0,0
20-Oct-18,1795,"[5, 8, 10, 11, 25]",6,1,2247140.42,0
24-Oct-18,1796,"[9, 12, 13, 32, 35]",4,1,2667321.83,0
27-Oct-18,1797,"[2, 17, 21, 24, 25]",8,1,3208451.02,0
31-Oct-18,1798,"[1, 7, 23, 32, 34]",2,1,3681414.72,0
02-Oct-19,1892,"[3, 23, 25, 26, 28]",6,1,2778415.11,0
05-Oct-19,1893,"[1, 6, 16, 24, 26]",4,1,3357379.86,0
09-Oct-19,1894,"[2, 4, 26, 29, 30]",9,1,3850557.45,0
12-Oct-19,1895,"[9, 15, 19, 20, 21]",4,1,4483881.04,0
16-Oct-19,1896,"[9, 13, 18, 28, 35]",7,1,5093249.17,0
19-Oct-19,1897,"[6, 16, 20, 29, 31]",8,1,5822548.67,0
23-Oct-19,1898,"[7, 11, 16, 29, 32]",8,1,6478900.68,0
26-Oct-19,1899,"[25, 27, 29, 30, 34]",9,1,7370393.92,1
30-Oct-19,1900,"[3, 4, 7, 15, 22]",8,1,2000000.0,0
03-Oct-20,1978,"[1, 3, 9, 19, 30]",10,1,2000000.0,0
07-Oct-20,1979,"[2, 5, 16, 26, 33]",2,1,2301727.61,0
10-Oct-20,1980,"[13, 15, 16, 27, 29]",1,1,2869810.3,0
14-Oct-20,1981,"[3, 17, 26, 28, 32]",6,1,3346477.66,0
17-Oct-20,1982,"[2, 4, 19, 31, 35]",6,1,4012137.6,0
21-Oct-20,1983,"[13, 21, 23, 34, 35]",3,1,4559433.03,0
24-Oct-20,1984,"[5, 7, 10, 19, 28]",5,1,5308272.08,1
28-Oct-20,1985,"[14, 19, 21, 26, 27]",8,1,2000000.0,0
31-Oct-20,1986,"[1, 2, 7, 20, 25]",3,1,2000000.0,0
02-Oct-21,2057,"[2, 20, 25, 31, 32]",8,1,2892466.66,0
06-Oct-21,2058,"[5, 17, 18, 29, 33]",4,1,3399016.07,0
09-Oct-21,2059,"[4, 8, 16, 26, 32]",4,1,4051234.27,0
13-Oct-21,2060,"[3, 16, 17, 20, 35]",7,1,4586008.69,0
16-Oct-21,2061,"[3, 4, 6, 21, 25]",2,1,5330422.02,0
20-Oct-21,2062,"[11, 17, 21, 28, 32]",8,1,6004027.92,0
23-Oct-21,2063,"[1, 12, 16, 23, 26]",1,1,6840808.12,0
27-Oct-21,2064,"[10, 11, 13, 22, 27]",2,1,7628082.36,0
30-Oct-21,2065,"[3, 6, 7, 28, 35]",2,1,8658624.7,0
01-Oct-22,2159,"[1, 7, 10, 11, 15]",1,4,3799446.3,1
05-Oct-22,2160,"[3, 6, 7, 24, 26]",8,4,2000000.0,0
08-Oct-22,2161,"[2, 4, 5, 29, 34]",5,4,2000000.0,0
12-Oct-22,2162,"[10, 15, 16, 17, 19]",6,4,2000000.0,0
15-Oct-22,2163,"[6, 9, 11, 31, 34]",5,20,2000000.0,0
19-Oct-22,2164,"[2, 3, 11, 27, 34]",9,3,2000000.0,0
22-Oct-22,2165,"[4, 16, 22, 25, 33]",6,10,2365511.66,1
26-Oct-22,2166,"[5, 19, 27, 30, 33]",1,5,2000000.0,0
29-Oct-22,2167,"[12, 18, 23, 26, 35]",5,4,2000000.0,0
04-Oct-23,2263,"[10, 23, 27, 28, 31]",8,3,6407923.56,0
07-Oct-23,2264,"[7, 16, 26, 29, 35]",7,3,7104910.67,0
11-Oct-23,2265,"[5, 10, 13, 26, 34]",1,3,7703863.14,0
14-Oct-23,2266,"[1, 12, 21, 23, 31]",9,3,8484695.82,0
18-Oct-23,2267,"[10, 19, 30, 31, 35]",7,3,9175542.85,0
21-Oct-23,2268,"[2, 6, 10, 17, 25]",1,4,10049779.0,0
25-Oct-23,2269,"[5, 7, 15, 20, 27]",7,20,10815922.59,0
28-Oct-23,2270,"[10, 12, 14, 29, 33]",4,10,11791813.44,0
03-Nov-10,973,"[1, 6, 10, 33, 35]",7,1,1307425.67,0
06-Nov-10,974,"[1, 19, 21, 24, 29]",4,1,1.0,0
10-Nov-10,975,"[8, 10, 11, 22, 26]",3,1,1.0,0
13-Nov-10,976,"[3, 23, 29, 32, 36]",3,1,2343385.08,0
17-Nov-10,977,"[13, 14, 27, 33, 35]",7,1,2663043.0,0
20-Nov-10,978,"[4, 8, 21, 23, 25]",5,1,3066258.35,0
24-Nov-10,979,"[1, 3, 4, 8, 15]",5,1,3411943.7,0
27-Nov-10,980,"[4, 8, 28, 30, 35]",5,1,3915585.36,0
02-Nov-11,1077,"[4, 5, 8, 21, 35]",8,1,3200000.0,0
05-Nov-11,1078,"[4, 9, 10, 14, 33]",4,1,3775518.19,0
09-Nov-11,1079,"[8, 12, 16, 18, 30]",2,1,4189115.65,0
12-Nov-11,1080,"[10, 14, 23, 29, 35]",10,1,4761627.62,0
16-Nov-11,1081,"[3, 15, 29, 30, 34]",10,1,5371162.82,0
19-Nov-11,1082,"[4, 5, 6, 11, 23]",10,1,6135489.17,1
23-Nov-11,1083,"[1, 9, 10, 23, 34]",4,1,1000000.0,0
26-Nov-11,1084,"[2, 9, 13, 29, 32]",10,1,1000000.0,1
30-Nov-11,1085,"[1, 13, 21, 27, 34]",7,1,1000000.0,0
03-Nov-12,1182,"[5, 11, 15, 31, 35]",5,1,2000000.0,0
07-Nov-12,1183,"[1, 11, 24, 29, 33]",9,1,2100000.0,0
10-Nov-12,1184,"[7, 12, 16, 18, 28]",10,1,1651451.34,0
14-Nov-12,1185,"[10, 15, 19, 25, 26]",3,1,2065961.06,0
17-Nov-12,1186,"[2, 19, 30, 33, 34]",7,1,2636566.26,0
21-Nov-12,1187,"[2, 11, 15, 20, 27]",2,1,3115912.64,0
24-Nov-12,1188,"[1, 15, 16, 18, 32]",6,1,3692819.08,0
28-Nov-12,1189,"[5, 18, 19, 24, 29]",9,1,4257282.28,0
06-Nov-13,1285,"[4, 12, 20, 21, 29]",8,1,2792566.31,1
09-Nov-13,1286,"[10, 13, 14, 18, 34]",8,1,2000000.0,0
13-Nov-13,1287,"[7, 9, 13, 14, 19]",6,1,1.0,1
16-Nov-13,1288,"[7, 9, 14, 17, 26]",5,1,1.0,1
20-Nov-13,1289,"[13, 15, 23, 25, 34]",5,1,2000000.0,0
23-Nov-13,1290,"[6, 12, 14, 22, 35]",3,1,2249776.62,0
27-Nov-13,1291,"[2, 3, 10, 23, 26]",7,1,2706310.36,0
30-Nov-13,1292,"[15, 19, 20, 23, 24]",7,1,3302566.97,0
01-Nov-14,1387,"[1, 9, 12, 15, 30]",10,1,4826800.02,0
05-Nov-14,1388,"[3, 4, 8, 26, 35]",2,1,5414177.8,0
08-Nov-14,1389,"[2, 7, 22, 23, 32]",10,1,6159540.42,0
12-Nov-14,1390,"[2, 24, 29, 32, 33]",5,1,6836823.28,0
15-Nov-14,1391,"[17, 22, 27, 28, 34]",6,1,7710062.04,0
19-Nov-14,1392,"[2, 4, 10, 22, 34]",9,1,8584821.28,0
22-Nov-14,1393,"[7, 8, 18, 23, 30]",10,1,9671817.28,0
26-Nov-14,1394,"[14, 18, 24, 29, 34]",9,1,10749754.02,1
29-Nov-14,1395,"[8, 9, 14, 15, 16]",7,1,1.0,1
4-Nov-15,1491,"[9, 21, 23, 25, 30]",4,1,24379523.31,0
7-Nov-15,1492,"[2, 7, 8, 14, 28]",2,1,28318386.82,0
11-Nov-15,1493,"[8, 12, 19, 26, 33]",8,1,31946408.24,1
15-Nov-15,1494,"[14, 23, 25, 27, 30]",7,1,2000000.0,0
18-Nov-15,1495,"[3, 11, 12, 22, 34]",6,1,2000000.0,0
21-Nov-15,1496,"[9, 10, 18, 20, 34]",1,1,2000000.0,0
25-Nov-15,1497,"[13, 16, 26, 32, 33]",6,1,2074722.89,0
29-Nov-15,1498,"[8, 23, 24, 27, 34]",5,1,2658738.06,0
02-Nov-16,1592,"[9, 11, 28, 29, 32]",5,1,2375194.55,0
05-Nov-16,1593,"[9, 17, 24, 29, 31]",10,1,2923426.49,0
09-Nov-16,1594,"[7, 8, 10, 26, 33]",8,1,3397954.91,0
12-Nov-16,1595,"[4, 7, 19, 20, 25]",9,1,3989189.62,0
16-Nov-16,1596,"[8, 9, 11, 15, 25]",9,1,4535380.71,0
19-Nov-16,1597,"[5, 6, 8, 27, 32]",1,1,5217529.65,0
23-Nov-16,1598,"[2, 10, 22, 28, 30]",7,1,5845064.36,0
26-Nov-16,1599,"[13, 15, 16, 17, 29]",9,1,6647723.24,0
30-Nov-16,1600,"[14, 15, 22, 27, 30]",5,1,7485962.96,1
01-Nov-17,1695,"[1, 9, 11, 20, 28]",2,1,7884749.8,0
04-Nov-17,1696,"[4, 19, 30, 33, 34]",5,1,1.0,1
08-Nov-17,1697,"[14, 21, 30, 33, 34]",9,1,9590198.44,0
11-Nov-17,1698,"[1, 20, 21, 30, 35]",4,1,10584184.73,1
15-Nov-17,1699,"[3, 8, 27, 33, 34]",8,1,2000000.0,0
18-Nov-17,1700,"[2, 5, 11, 16, 17]",5,1,2000000.0,0
22-Nov-17,1701,"[11, 16, 28, 32, 33]",7,1,2000000.0,0
25-Nov-17,1702,"[14, 20, 23, 26, 29]",2,1,2000000.0,1
29-Nov-17,1703,"[12, 19, 21, 26, 34]",1,1,1.0,1
03-Nov-18,1799,"[4, 20, 21, 24, 27]",6,1,4312756.05,0
07-Nov-18,1800,"[10, 18, 28, 32, 35]",5,1,4774982.54,0
10-Nov-18,1801,"[1, 7, 13, 18, 28]",1,1,5441805.38,0
14-Nov-18,1802,"[1, 12, 18, 31, 33]",1,1,6001363.99,0
17-Nov-18,1803,"[4, 18, 24, 27, 33]",5,1,6712358.72,0
21-Nov-18,1804,"[7, 18, 24, 25, 26]",6,1,7358207.64,1
24-Nov-18,1805,"[5, 11, 20, 23, 32]",4,1,2000000.0,1
28-Nov-18,1806,"[3, 7, 13, 16, 18]",8,1,2000000.0,0
02-Nov-19,1901,"[6, 12, 17, 26, 33]",2,1,2000000.0,0
06-Nov-19,1902,"[7, 8, 15, 17, 31]",1,1,2000000.0,0
09-Nov-19,1903,"[4, 6, 11, 24, 34]",7,1,2000000.0,0
13-Nov-19,1904,"[9, 18, 19, 23, 33]",10,1,2302803.92,0
16-Nov-19,1905,"[5, 11, 24, 25, 34]",9,1,2859396.12,0
20-Nov-19,1906,"[5, 7, 8, 25, 28]",1,1,1.0,1
23-Nov-19,1907,"[7, 14, 21, 32, 33]",6,1,3916843.15,0
27-Nov-19,1908,"[2, 5, 9, 29, 35]",10,1,4453632.79,0
30-Nov-19,1909,"[1, 9, 16, 30, 33]",7,1,5172087.29,0
04-Nov-20,1987,"[7, 16, 20, 23, 25]",8,1,2000000.0,0
07-Nov-20,1988,"[17, 22, 26, 31, 32]",10,1,2000000.0,0
11-Nov-20,1989,"[3, 13, 24, 26, 34]",1,1,2263564.19,0
18-Nov-20,1990,"[2, 3, 5, 15, 19]",7,1,2878290.27,0
21-Nov-20,1991,"[2, 12, 27, 28, 33]",1,1,3452436.02,1
25-Nov-20,1992,"[8, 20, 25, 29, 35]",2,1,2000000.0,0
28-Nov-20,1993,"[13, 20, 26, 27, 35]",7,1,2000000.0,0
03-Nov-21,2066,"[10, 17, 21, 26, 30]",8,1,9674083.13,0
06-Nov-21,2067,"[10, 17, 18, 22, 33]",4,1,10854219.17,0
10-Nov-21,2068,"[1, 2, 17, 20, 23]",8,1,12018884.15,1
13-Nov-21,2069,"[2, 7, 13, 19, 30]",7,1,2000000.0,1
17-Nov-21,2070,"[12, 19, 22, 28, 31]",7,1,2000000.0,0
20-Nov-21,2071,"[1, 13, 21, 27, 31]",3,1,2000000.0,0
24-Nov-21,2072,"[2, 3, 7, 16, 28]",2,1,2000000.0,0
27-Nov-21,2073,"[5, 6, 7, 8, 21]",7,1,2000000.0,0
02-Nov-22,2168,"[1, 2, 13, 27, 29]",4,4,2000000.0,0
05-Nov-22,2169,"[1, 5, 9, 20, 22]",1,3,2000000.0,0
09-Nov-22,2170,"[2, 6, 18, 21, 27]",5,4,2000000.0,0
12-Nov-22,2171,"[5, 12, 14, 22, 24]",1,3,2355255.97,0
16-Nov-22,2172,"[11, 12, 24, 26, 35]",8,4,2739854.45,0
19-Nov-22,2173,"[19, 20, 21, 29, 35]",9,10,3209458.52,0
23-Nov-22,2174,"[13, 20, 24, 29, 35]",1,4,3598652.62,0
26-Nov-22,2175,"[11, 13, 23, 24, 33]",4,4,4102861.59,0
30-Nov-22,2176,"[5, 8, 15, 30, 32]",10,4,4553534.29,0
01-Nov-23,2271,"[2, 3, 11, 26, 31]",8,20,12718928.08,0
04-Nov-23,2272,"[3, 8, 30, 31, 35]",9,10,13805484.86,0
08-Nov-23,2273,"[3, 11, 13, 19, 26]",10,20,14799078.17,0
11-Nov-23,2274,"[9, 11, 24, 27, 28]",6,10,16032692.47,0
15-Nov-23,2275,"[9, 22, 25, 26, 33]",3,20,17140607.31,0
18-Nov-23,2276,"[11, 12, 20, 29, 30]",1,20,18516196.85,0
22-Nov-23,2277,"[13, 22, 31, 33, 35]",2,4,19898030.92,1
25-Nov-23,2278,"[7, 11, 16, 21, 25]",3,4,2000000.0,1
29-Nov-23,2279,"[3, 13, 14, 17, 18]",3,20,2000000.0,0
01-Dec-10,981,"[3, 6, 16, 34, 35]",2,1,4385227.57,0
04-Dec-10,982,"[9, 11, 22, 30, 32]",1,1,4958723.8,0
08-Dec-10,983,"[16, 18, 21, 30, 31]",10,1,5491343.19,0
11-Dec-10,984,"[7, 9, 21, 32, 34]",8,1,6195394.3,0
15-Dec-10,985,"[2, 8, 12, 13, 26]",6,1,6868407.38,0
18-Dec-10,986,"[2, 14, 15, 20, 36]",3,1,7749112.06,0
22-Dec-10,987,"[8, 15, 20, 25, 26]",8,1,8667809.33,0
24-Dec-10,988,"[6, 7, 13, 24, 28]",3,1,9647335.65,0
29-Dec-10,989,"[1, 5, 11, 13, 24]",7,1,10600000.0,2
03-Dec-11,1086,"[1, 15, 16, 19, 30]",4,1,1000000.0,0
07-Dec-11,1087,"[9, 14, 18, 19, 33]",2,1,1000000.0,0
10-Dec-11,1088,"[1, 4, 24, 28, 32]",6,1,1298418.74,1
14-Dec-11,1089,"[3, 12, 16, 21, 28]",7,1,1000000.0,0
17-Dec-11,1090,"[1, 2, 6, 22, 32]",4,1,1000000.0,1
21-Dec-11,1091,"[2, 6, 17, 29, 32]",3,1,1000000.0,0
24-Dec-11,1092,"[6, 13, 24, 30, 35]",1,1,1000000.0,0
28-Dec-11,1093,"[13, 15, 26, 32, 36]",8,1,1000000.0,0
31-Dec-11,1094,"[4, 7, 18, 22, 35]",5,1,1322809.46,0
01-Dec-12,1190,"[20, 26, 28, 32, 34]",8,1,4987528.04,0
05-Dec-12,1191,"[7, 15, 16, 24, 32]",5,1,5649713.5,0
08-Dec-12,1192,"[3, 16, 25, 26, 33]",8,1,6429228.38,0
12-Dec-12,1193,"[7, 14, 15, 19, 23]",4,1,7229042.0,0
15-Dec-12,1194,"[3, 5, 13, 26, 32]",8,1,8184978.48,0
19-Dec-12,1195,"[13, 14, 23, 29, 34]",7,1,9206565.62,1
22-Dec-12,1196,"[22, 24, 27, 29, 30]",10,1,1.0,1
26-Dec-12,1197,"[8, 10, 11, 21, 29]",4,1,2000000.0,0
29-Dec-12,1198,"[11, 15, 18, 22, 26]",1,1,2000000.0,0
04-Dec-13,1293,"[2, 16, 21, 26, 27]",8,1,3835851.11,0
07-Dec-13,1294,"[5, 6, 14, 15, 34]",2,1,4498934.16,0
11-Dec-13,1295,"[11, 13, 17, 21, 28]",10,1,5171400.05,0
14-Dec-13,1296,"[8, 15, 17, 18, 30]",1,1,6046511.11,0
18-Dec-13,1297,"[9, 13, 15, 18, 29]",2,1,6997480.04,0
21-Dec-13,1298,"[9, 22, 25, 27, 32]",4,1,8205698.96,0
28-Dec-13,1299,"[5, 7, 8, 13, 15]",1,1,10189762.12,1
03-Dec-14,1396,"[7, 9, 14, 31, 35]",7,1,2000000.0,0
06-Dec-14,1397,"[6, 18, 20, 29, 35]",4,1,2000000.0,0
10-Dec-14,1398,"[2, 3, 14, 19, 29]",3,1,1.0,1
13-Dec-14,1399,"[4, 20, 29, 30, 32]",5,1,2445400.25,0
17-Dec-14,1400,"[1, 14, 24, 29, 35]",5,1,2887228.11,0
20-Dec-14,1401,"[4, 13, 19, 24, 28]",2,1,3489417.32,0
24-Dec-14,1402,"[9, 12, 18, 21, 24]",1,1,1.0,1
27-Dec-14,1403,"[1, 18, 19, 20, 22]",10,1,4701420.97,0
31-Dec-14,1404,"[0, 0, 0, 0, 0]",0,1,1.0,1
03-Dec-15,1499,"[6, 16, 18, 30, 32]",10,1,3196030.74,0
5-Dec-15,1500,"[1, 17, 20, 23, 32]",2,1,3818239.27,0
9-Dec-15,1501,"[3, 12, 16, 17, 29]",3,1,4383668.15,0
13-Dec-15,1502,"[7, 9, 17, 21, 29]",4,1,5048666.68,1
17-Dec-15,1503,"[10, 13, 19, 25, 26]",9,1,2000000.0,0
19-Dec-15,1504,"[13, 20, 21, 24, 33]",5,1,2000000.0,0
23-Dec-15,1505,"[17, 23, 25, 27, 28]",7,1,2000000.0,0
26-Dec-15,1506,"[15, 22, 29, 30, 35]",2,1,2000000.0,0
30-Dec-15,1507,"[2, 7, 16, 26, 35]",5,1,2237532.45,0
03-Dec-16,1601,"[7, 22, 26, 32, 33]",6,1,2000000.0,0
07-Dec-16,1602,"[2, 9, 11, 13, 18]",4,1,2000000.0,0
10-Dec-16,1603,"[10, 15, 22, 32, 33]",3,1,2000000.0,0
14-Dec-16,1604,"[2, 16, 21, 25, 28]",9,1,2000000.0,0
17-Dec-16,1605,"[9, 11, 12, 18, 26]",4,1,2000000.0,0
21-Dec-16,1606,"[5, 14, 18, 22, 25]",2,1,3000000.0,0
24-Dec-16,1607,"[3, 10, 12, 16, 19]",9,1,3624986.49,1
28-Dec-16,1608,"[2, 3, 5, 10, 29]",6,1,2000000.0,0
31-Dec-16,1609,"[5, 8, 13, 15, 21]",2,1,2000000.0,0
02-Dec-17,1704,"[6, 17, 27, 29, 34]",7,1,2000000.0,1
06-Dec-17,1705,"[5, 10, 12, 16, 25]",7,1,2000000.0,0
09-Dec-17,1706,"[5, 19, 25, 32, 34]",10,1,2000000.0,0
13-Dec-17,1707,"[3, 5, 11, 12, 30]",10,1,2000000.0,0
16-Dec-17,1708,"[6, 8, 21, 30, 31]",1,1,2000000.0,0
20-Dec-17,1709,"[2, 14, 19, 30, 34]",1,1,2332431.59,0
23-Dec-17,1710,"[6, 11, 16, 29, 32]",10,1,1.0,1
27-Dec-17,1711,"[6, 13, 27, 31, 34]",2,1,1.0,1
30-Dec-17,1712,"[2, 3, 16, 30, 31]",7,1,3952265.04,0
01-Dec-18,1807,"[3, 6, 10, 23, 32]",6,1,2000000.0,0
05-Dec-18,1808,"[2, 3, 7, 19, 32]",7,1,2000000.0,0
08-Dec-18,1809,"[7, 9, 14, 15, 27]",8,1,2000000.0,0
12-Dec-18,1810,"[2, 3, 22, 23, 28]",1,1,2348511.27,0
15-Dec-18,1811,"[9, 12, 15, 22, 30]",9,1,2906247.42,0
19-Dec-18,1812,"[8, 18, 19, 20, 27]",10,1,3419563.01,0
22-Dec-18,1813,"[10, 19, 25, 26, 35]",1,1,4062238.38,0
26-Dec-18,1814,"[11, 12, 15, 27, 31]",7,1,4434210.77,0
29-Dec-18,1815,"[6, 17, 27, 29, 32]",9,1,5123578.81,0
04-Dec-19,1910,"[3, 9, 14, 26, 33]",5,1,1.0,1
07-Dec-19,1911,"[15, 16, 21, 30, 31]",1,1,6593981.04,0
11-Dec-19,1912,"[10, 15, 19, 23, 32]",1,1,7261684.86,0
14-Dec-19,1913,"[1, 15, 22, 30, 32]",10,1,8172539.37,0
18-Dec-19,1914,"[9, 11, 12, 14, 29]",6,1,9089384.17,0
21-Dec-19,1915,"[7, 13, 16, 19, 26]",4,1,10232667.65,0
28-Dec-19,1916,"[9, 10, 25, 31, 32]",6,1,11764059.64,0
02-Dec-20,1994,"[5, 7, 12, 19, 27]",4,1,2000000.0,0
05-Dec-20,1995,"[6, 15, 20, 21, 22]",6,1,2000000.0,0
09-Dec-20,1996,"[10, 14, 22, 26, 32]",10,1,2267330.45,0
12-Dec-20,1997,"[8, 21, 26, 32, 33]",9,1,2809353.46,0
16-Dec-20,1998,"[9, 17, 19, 27, 31]",6,1,3304314.11,0
19-Dec-20,1999,"[8, 11, 16, 19, 31]",9,1,3986673.96,0
23-Dec-20,2000,"[8, 11, 16, 23, 25]",1,1,4667144.51,0
26-Dec-20,2001,"[11, 16, 17, 33, 35]",1,1,5236073.71,0
30-Dec-20,2002,"[8, 14, 15, 24, 29]",6,1,6098524.81,0
01-Dec-21,2074,"[8, 12, 13, 19, 30]",2,1,1.0,1
04-Dec-21,2075,"[10, 15, 17, 18, 20]",8,1,2900565.48,0
08-Dec-21,2076,"[12, 18, 22, 28, 33]",10,1,3405449.97,0
11-Dec-21,2077,"[1, 6, 13, 20, 30]",8,1,3996510.05,0
15-Dec-21,2078,"[2, 16, 29, 33, 35]",9,1,4564083.98,0
18-Dec-21,2079,"[2, 11, 12, 25, 26]",7,1,5303273.32,0
22-Dec-21,2080,"[2, 9, 25, 27, 29]",5,1,6018742.89,0
29-Dec-21,2081,"[3, 12, 23, 25, 33]",5,1,7048185.67,0
03-Dec-22,2177,"[3, 9, 23, 27, 35]",4,4,5162878.01,0
07-Dec-22,2178,"[2, 6, 14, 22, 31]",2,20,5676244.88,0
10-Dec-22,2179,"[8, 12, 20, 25, 30]",5,3,6310533.37,0
14-Dec-22,2180,"[1, 3, 4, 26, 34]",5,3,6906750.24,0
17-Dec-22,2181,"[11, 18, 20, 23, 34]",6,20,7718465.56,1
21-Dec-22,2182,"[2, 10, 21, 22, 24]",1,3,2000000.0,0
24-Dec-22,2183,"[19, 21, 25, 29, 30]",2,5,2000000.0,0
28-Dec-22,2184,"[7, 13, 17, 18, 32]",2,20,2000000.0,0
31-Dec-22,2185,"[10, 15, 19, 22, 25]",2,4,2000000.0,0
02-Dec-23,2280,"[3, 9, 15, 17, 18]",1,20,2000000.0,0
06-Dec-23,2281,"[5, 12, 25, 31, 34]",7,20,2000000.0,0
09-Dec-23,2282,"[8, 10, 17, 21, 31]",6,4,2000000.0,0
13-Dec-23,2283,"[3, 11, 17, 28, 29]",9,5,2000000.0,1
16-Dec-23,2284,"[9, 16, 18, 28, 31]",2,20,2000000.0,0
20-Dec-23,2285,"[14, 22, 26, 33, 34]",4,3,2000000.0,0
23-Dec-23,2286,"[3, 8, 13, 14, 28]",9,3,2000000.0,0
27-Dec-23,2287,"[1, 5, 11, 23, 31]",3,4,2000000.0,1
30-Dec-23,2288,"[10, 25, 29, 34, 35]",1,4,2000000.0,0
